131073	3297312	2599.960000	0.113083	0.000000
131074	793800	2599.960000	0.015033	0.000000
131075	1305728	2599.960000	0.027501	0.000000
131076	6251648	2599.960000	1.296465	0.000000
131077	5497928	2599.960000	0.534552	0.000000
131078	8290592	2599.960000	0.957370	0.000000
131079	729632	2599.960000	0.016184	0.000000
131080	282752	2599.960000	0.002805	0.000000
131081	6639368	2599.960000	0.598046	0.000000
131082	2508800	2599.960000	0.069342	0.000000
131083	6919200	2599.960000	1.474793	0.000000
131084	170528	2599.960000	0.001756	0.000000
131085	1008200	2599.960000	0.020078	0.000000
131086	7683200	2599.960000	1.197778	0.000000
131087	2645000	2599.960000	0.078825	0.000000
131088	4572288	2599.960000	0.802155	0.000000
131089	4357152	2599.960000	0.280331	0.000000
131090	3819848	2599.960000	0.652356	0.000000
131091	5209992	2599.960000	0.924107	0.000000
131092	1071648	2599.960000	0.022615	0.000000
131093	980000	2599.960000	0.017439	0.000000
131094	7511688	2599.960000	1.852781	0.000000
131095	578888	2599.960000	0.008726	0.000000
131096	194688	2599.960000	0.001570	0.000000
131097	366368	2599.960000	0.004296	0.000000
131098	1820232	2599.960000	0.046797	0.000000
131099	412232	2599.960000	0.004836	0.000000
131100	233928	2599.960000	0.002039	0.000000
131101	304200	2599.960000	0.004367	0.000000
131102	3474248	2599.960000	0.220437	0.000000
131103	710432	2599.960000	0.010123	0.000000
131104	2056392	2599.960000	0.053083	0.000000
131105	4755528	2599.960000	0.681859	0.000000
131106	2709792	2599.960000	0.133606	0.000000
131107	5471432	2599.960000	0.764876	0.000000
131108	5145632	2599.960000	1.067139	0.000000
131109	4066952	2599.960000	0.162342	0.000000
131110	8176968	2599.960000	1.917884	0.000000
131111	4010112	2599.960000	0.498262	0.000000
131112	4193408	2599.960000	0.647213	0.000000
131113	184832	2599.960000	0.001467	0.000000
131114	876488	2599.960000	0.018052	0.000000
131115	207368	2599.960000	0.001918	0.000000
131116	2775368	2599.960000	0.099877	0.000000
131117	5458208	2599.960000	1.212794	0.000000
131118	3155072	2599.960000	0.285518	0.000000
131119	788768	2599.960000	0.013523	0.000000
131120	5551112	2599.960000	0.409719	0.000000
131121	7174472	2599.960000	0.361628	0.000000
131122	6083072	2599.960000	2.162114	0.000000
131123	4596512	2599.960000	0.169135	0.000000
131124	941192	2599.960000	0.017922	0.000000
131125	5030792	2599.960000	1.046659	0.000000
131126	2264192	2599.960000	0.067574	0.000000
131127	1031048	2599.960000	0.022452	0.000000
131128	8355872	2599.960000	3.109366	0.000000
131129	3400832	2599.960000	0.477847	0.000000
131130	133128	2599.960000	0.002099	0.000000
131131	5158472	2599.960000	0.995862	0.000000
131132	159048	2599.960000	0.001475	0.000000
131133	3559112	2599.960000	0.118654	0.000000
131134	7809152	2599.960000	1.956695	0.000000
131135	4321800	2599.960000	0.158296	0.000000
131136	4066952	2599.960000	0.742532	0.000000
131137	3287048	2599.960000	0.110421	0.000000
131138	5551112	2599.960000	1.205445	0.000000
131139	4310048	2599.960000	0.325488	0.000000
131140	4310048	2599.960000	0.831436	0.000000
131141	3045512	2599.960000	0.095299	0.000000
131142	3085128	2599.960000	0.100798	0.000000
131143	1912968	2599.960000	0.047593	0.000000
131144	3307592	2599.960000	0.119160	0.000000
131145	1267232	2599.960000	0.026102	0.000000
131146	1479200	2599.960000	0.031888	0.000000
131147	3095072	2599.960000	0.098076	0.000000
131148	549152	2599.960000	0.007973	0.000000
131149	1678112	2599.960000	0.040890	0.000000
131150	2986568	2599.960000	0.090640	0.000000
131151	6279968	2599.960000	0.276798	0.000000
131152	1191968	2599.960000	0.023846	0.000000
131153	2272712	2599.960000	0.064008	0.000000
131154	320000	2599.960000	0.003022	0.000000
131155	8290592	2599.960000	2.191110	0.000000
131156	320000	2599.960000	0.003221	0.000000
131157	850208	2599.960000	0.014388	0.000000
131158	1364552	2599.960000	0.029424	0.000000
131159	1377800	2599.960000	0.033932	0.000000
131160	4010112	2599.960000	0.696667	0.000000
131161	225792	2599.960000	0.002341	0.000000
131162	3645000	2599.960000	0.597401	0.000000
131163	5861888	2599.960000	1.297933	0.000000
131164	5752832	2599.960000	0.221762	0.000000
131165	3953672	2599.960000	0.506695	0.000000
131166	453152	2599.960000	0.005616	0.000000
131167	1198152	2599.960000	0.024696	0.000000
131168	5725728	2599.960000	1.970146	0.000000
131169	1404488	2599.960000	0.029300	0.000000
131170	7220000	2599.960000	2.246582	0.000000
131171	549152	2599.960000	0.009169	0.000000
131172	2553800	2599.960000	0.075648	0.000000
131173	397832	2599.960000	0.004929	0.000000
131174	6480000	2599.960000	1.442367	0.000000
131175	4464072	2599.960000	0.910166	0.000000
131176	4239872	2599.960000	0.146050	0.000000
131177	5971968	2599.960000	1.378379	0.000000
131178	578888	2599.960000	0.008121	0.000000
131179	1759688	2599.960000	0.043972	0.000000
131180	4101248	2599.960000	0.311359	0.000000
131181	245000	2599.960000	0.002790	0.000000
131182	5445000	2599.960000	0.218363	0.000000
131183	175232	2599.960000	0.001612	0.000000
131184	2056392	2599.960000	0.054603	0.000000
131185	6978848	2599.960000	1.622377	0.000000
131186	587528	2599.960000	0.011360	0.000000
131187	3495368	2599.960000	0.126078	0.000000
131188	6181128	2599.960000	1.394727	0.000000
131189	618272	2599.960000	0.009174	0.000000
131190	1984032	2599.960000	0.051364	0.000000
131191	2384928	2599.960000	0.064589	0.000000
131192	4867200	2599.960000	1.613696	0.000000
131193	5875592	2599.960000	1.337380	0.000000
131194	773768	2599.960000	0.013476	0.000000
131195	4608648	2599.960000	0.919957	0.000000
131196	5739272	2599.960000	1.239487	0.000000
131197	4718592	2599.960000	1.229640	0.000000
131198	6948992	2599.960000	0.903491	0.000000
131199	996872	2599.960000	0.019138	0.000000
131200	1992008	2599.960000	0.052054	0.000000
131201	2473088	2599.960000	0.071035	0.000000
131202	3612672	2599.960000	0.560814	0.000000
131203	1920800	2599.960000	0.047337	0.000000
131204	250632	2599.960000	0.002784	0.000000
131205	3516552	2599.960000	0.528783	0.000000
131206	578888	2599.960000	0.008270	0.000000
131207	3645000	2599.960000	0.125965	0.000000
131208	3666632	2599.960000	0.482835	0.000000
131209	1843200	2599.960000	0.047928	0.000000
131210	744200	2599.960000	0.013533	0.000000
131211	5326848	2599.960000	1.185018	0.000000
131212	2728448	2599.960000	0.076648	0.000000
131213	2672672	2599.960000	0.115009	0.000000
131214	2499848	2599.960000	0.072974	0.000000
131215	574592	2599.960000	0.008822	0.000000
131216	783752	2599.960000	0.013229	0.000000
131217	209952	2599.960000	0.003554	0.000000
131218	223112	2599.960000	0.002300	0.000000
131219	4584392	2599.960000	0.586116	0.000000
131220	297992	2599.960000	0.003385	0.000000
131221	5848200	2599.960000	1.367413	0.000000
131222	3527168	2599.960000	0.261794	0.000000
131223	8193152	2599.960000	1.952940	0.000000
131224	6422528	2599.960000	1.732262	0.000000
131225	7220000	2599.960000	1.653007	0.000000
131226	1499912	2599.960000	0.033880	0.000000
131227	4500000	2599.960000	0.179329	0.000000
131228	5766408	2599.960000	0.400685	0.000000
131229	6978848	2599.960000	1.882034	0.000000
131230	326432	2599.960000	0.004519	0.000000
131231	1843200	2599.960000	0.041236	0.000000
131232	5392328	2599.960000	0.296839	0.000000
131233	3411272	2599.960000	0.119624	0.000000
131234	4892192	2599.960000	1.089651	0.000000
131235	2324168	2599.960000	0.065946	0.000000
131236	1541768	2599.960000	0.034832	0.000000
131237	4158728	2599.960000	0.786545	0.000000
131238	3875328	2599.960000	0.130125	0.000000
131239	549152	2599.960000	0.010722	0.000000
131240	941192	2599.960000	0.016584	0.000000
131241	919368	2599.960000	0.016009	0.000000
131242	3548448	2599.960000	0.588910	0.000000
131243	1527752	2599.960000	0.036280	0.000000
131244	1641672	2599.960000	0.039731	0.000000
131245	622728	2599.960000	0.008826	0.000000
131246	3215648	2599.960000	0.101155	0.000000
131247	2728448	2599.960000	0.075006	0.000000
131248	788768	2599.960000	0.015414	0.000000
131249	1292832	2599.960000	0.026106	0.000000
131250	1789832	2599.960000	0.043457	0.000000
131251	4706312	2599.960000	0.189457	0.000000
131252	591872	2599.960000	0.011125	0.000000
131253	1025312	2599.960000	0.021302	0.000000
131254	1254528	2599.960000	0.024960	0.000000
131255	3976200	2599.960000	0.148144	0.000000
131256	5043488	2599.960000	0.865690	0.000000
131257	6223392	2599.960000	0.698867	0.000000
131258	829472	2599.960000	0.014483	0.000000
131259	3105032	2599.960000	0.220083	0.000000
131260	4524032	2599.960000	0.162944	0.000000
131261	415872	2599.960000	0.007621	0.000000
131262	1936512	2599.960000	0.049166	0.000000
131263	8160800	2599.960000	0.965693	0.000000
131264	7730312	2599.960000	1.602059	0.000000
131265	5551112	2599.960000	0.615242	0.000000
131266	2663432	2599.960000	0.094296	0.000000
131267	5766408	2599.960000	1.042612	0.000000
131268	2306952	2599.960000	0.065121	0.000000
131269	1013888	2599.960000	0.018765	0.000000
131270	2402432	2599.960000	0.070563	0.000000
131271	5944352	2599.960000	1.124246	0.000000
131272	408608	2599.960000	0.007132	0.000000
131273	438048	2599.960000	0.005600	0.000000
131274	2947592	2599.960000	0.145027	0.000000
131275	297992	2599.960000	0.003189	0.000000
131276	468512	2599.960000	0.007762	0.000000
131277	1850888	2599.960000	0.050892	0.000000
131278	288800	2599.960000	0.002918	0.000000
131279	480200	2599.960000	0.006514	0.000000
131280	7038752	2599.960000	0.944394	0.000000
131281	2146592	2599.960000	0.058499	0.000000
131282	4967552	2599.960000	0.871769	0.000000
131283	3841992	2599.960000	0.415047	0.000000
131284	3215648	2599.960000	0.122353	0.000000
131285	2097152	2599.960000	0.055041	0.000000
131286	991232	2599.960000	0.017382	0.000000
131287	434312	2599.960000	0.009201	0.000000
131288	1641672	2599.960000	0.043799	0.000000
131289	1131008	2599.960000	0.023200	0.000000
131290	5551112	2599.960000	1.031078	0.000000
131291	7403552	2599.960000	1.288675	0.000000
131292	1577088	2599.960000	0.037281	0.000000
131293	7746048	2599.960000	1.088590	0.000000
131294	4181832	2599.960000	0.642383	0.000000
131295	3527168	2599.960000	0.407457	0.000000
131296	8209352	2599.960000	1.761050	0.000000
131297	7296200	2599.960000	1.303870	0.000000
131298	5056200	2599.960000	0.573866	0.000000
131299	6712448	2599.960000	1.267233	0.000000
131300	2728448	2599.960000	0.078220	0.000000
131301	2517768	2599.960000	0.076702	0.000000
131302	1223048	2599.960000	0.029435	0.000000
131303	1866312	2599.960000	0.046919	0.000000
131304	3297312	2599.960000	0.105151	0.000000
131305	3256352	2599.960000	0.268885	0.000000
131306	6181128	2599.960000	0.810964	0.000000
131307	8032032	2599.960000	1.612443	0.000000
131308	1424672	2599.960000	0.029840	0.000000
131309	6653952	2599.960000	1.353709	0.000000
131310	1577088	2599.960000	0.037711	0.000000
131311	1759688	2599.960000	0.042792	0.000000
131312	6013512	2599.960000	0.812387	0.000000
131313	845000	2599.960000	0.017510	0.000000
131314	1577088	2599.960000	0.036157	0.000000
131315	4608648	2599.960000	0.689963	0.000000
131316	2562848	2599.960000	0.104291	0.000000
131317	7761800	2599.960000	1.202570	0.000000
131318	4954952	2599.960000	0.776471	0.000000
131319	4205000	2599.960000	0.660763	0.000000
131320	7174472	2599.960000	1.216022	0.000000
131321	1465472	2599.960000	0.045913	0.000000
131322	5120000	2599.960000	0.802511	0.000000
131323	4112712	2599.960000	0.387557	0.000000
131324	2719112	2599.960000	0.082281	0.000000
131325	279752	2599.960000	0.003729	0.000000
131326	1685448	2599.960000	0.041980	0.000000
131327	7496192	2599.960000	1.399361	0.000000
131328	6653952	2599.960000	1.176776	0.000000
131329	172872	2599.960000	0.003765	0.000000
131330	4817408	2599.960000	0.906929	0.000000
131331	4718592	2599.960000	0.531085	0.000000
131332	4681800	2599.960000	0.552871	0.000000
131333	6393888	2599.960000	1.146320	0.000000
131334	5209992	2599.960000	0.790948	0.000000
131335	6494408	2599.960000	1.386469	0.000000
131336	1729800	2599.960000	0.043452	0.000000
131337	613832	2599.960000	0.009088	0.000000
131338	7620608	2599.960000	1.560525	0.000000
131339	1960200	2599.960000	0.053078	0.000000
131340	387200	2599.960000	0.004369	0.000000
131341	2048288	2599.960000	0.051923	0.000000
131342	7220000	2599.960000	1.057688	0.000000
131343	4524032	2599.960000	0.583853	0.000000
131344	5930568	2599.960000	0.819496	0.000000
131345	4879688	2599.960000	0.867259	0.000000
131346	6125000	2599.960000	0.992863	0.000000
131347	1292832	2599.960000	0.026337	0.000000
131348	5235848	2599.960000	0.624262	0.000000
131349	8306888	2599.960000	1.812342	0.000000
131350	1598472	2599.960000	0.040679	0.000000
131351	7936128	2599.960000	1.747043	0.000000
131352	5930568	2599.960000	1.151469	0.000000
131353	1591328	2599.960000	0.035157	0.000000
131354	182408	2599.960000	0.001789	0.000000
131355	7265672	2599.960000	1.519810	0.000000
131356	1083392	2599.960000	0.024567	0.000000
131357	980000	2599.960000	0.018360	0.000000
131358	8209352	2599.960000	1.656179	0.000000
131359	4170272	2599.960000	0.516252	0.000000
131360	220448	2599.960000	0.003901	0.000000
131361	808992	2599.960000	0.013952	0.000000
131362	8032032	2599.960000	1.772423	0.000000
131363	2113568	2599.960000	0.053810	0.000000
131364	199712	2599.960000	0.003533	0.000000
131365	1155200	2599.960000	0.022663	0.000000
131366	2298368	2599.960000	0.061894	0.000000
131367	7357448	2599.960000	0.831472	0.000000
131368	3085128	2599.960000	0.099778	0.000000
131369	1744712	2599.960000	0.041647	0.000000
131370	758912	2599.960000	0.013046	0.000000
131371	5916800	2599.960000	0.929345	0.000000
131372	4854728	2599.960000	0.377462	0.000000
131373	4357152	2599.960000	0.714174	0.000000
131374	3474248	2599.960000	0.118569	0.000000
131375	223112	2599.960000	0.002443	0.000000
131376	445568	2599.960000	0.005197	0.000000
131377	6948992	2599.960000	1.074334	0.000000
131378	3964928	2599.960000	0.517877	0.000000
131379	346112	2599.960000	0.005193	0.000000
131380	3246152	2599.960000	0.105297	0.000000
131381	850208	2599.960000	0.014054	0.000000
131382	3348872	2599.960000	0.110038	0.000000
131383	520200	2599.960000	0.007804	0.000000
131384	5820872	2599.960000	0.688216	0.000000
131385	5780000	2599.960000	1.053048	0.000000
131386	7605000	2599.960000	1.700678	0.000000
131387	739328	2599.960000	0.012460	0.000000
131388	6889472	2599.960000	1.067408	0.000000
131389	1113032	2599.960000	0.022835	0.000000
131390	913952	2599.960000	0.020802	0.000000
131391	2709792	2599.960000	0.079910	0.000000
131392	705672	2599.960000	0.011198	0.000000
131393	1191968	2599.960000	0.024393	0.000000
131394	6451232	2599.960000	1.000715	0.000000
131395	5875592	2599.960000	0.996733	0.000000
131396	2105352	2599.960000	0.057563	0.000000
131397	175232	2599.960000	0.001569	0.000000
131398	7542728	2599.960000	1.212679	0.000000
131399	7174472	2599.960000	1.326870	0.000000
131400	6111008	2599.960000	1.127236	0.000000
131401	5405472	2599.960000	0.875945	0.000000
131402	5712200	2599.960000	0.972629	0.000000
131403	2163200	2599.960000	0.058565	0.000000
131404	1204352	2599.960000	0.031729	0.000000
131405	6624800	2599.960000	1.176428	0.000000
131406	7113992	2599.960000	1.073269	0.000000
131407	3276800	2599.960000	0.403670	0.000000
131408	3484800	2599.960000	0.122409	0.000000
131409	3853088	2599.960000	0.425605	0.000000
131410	524288	2599.960000	0.006890	0.000000
131411	7558272	2599.960000	1.511606	0.000000
131412	3155072	2599.960000	0.101482	0.000000
131413	1223048	2599.960000	0.024759	0.000000
131414	4694048	2599.960000	0.690946	0.000000
131415	7311488	2599.960000	1.311158	0.000000
131416	5184200	2599.960000	0.781161	0.000000
131417	6756488	2599.960000	1.222046	0.000000
131418	2088968	2599.960000	0.054417	0.000000
131419	6595712	2599.960000	0.831340	0.000000
131420	8355872	2599.960000	1.477054	0.000000
131421	3601928	2599.960000	0.442465	0.000000
131422	3421728	2599.960000	0.117327	0.000000
131423	2171528	2599.960000	0.059013	0.000000
131424	8080200	2599.960000	1.412412	0.000000
131425	3297312	2599.960000	0.112928	0.000000
131426	3645000	2599.960000	0.308734	0.000000
131427	4805000	2599.960000	0.692973	0.000000
131428	1077512	2599.960000	0.020664	0.000000
131429	2526752	2599.960000	0.071134	0.000000
131430	313632	2599.960000	0.004144	0.000000
131431	3559112	2599.960000	0.283417	0.000000
131432	405000	2599.960000	0.004983	0.000000
131433	4380800	2599.960000	0.751002	0.000000
131434	2024072	2599.960000	0.066876	0.000000
131435	3516552	2599.960000	0.274404	0.000000
131436	262088	2599.960000	0.004640	0.000000
131437	6639368	2599.960000	0.836459	0.000000
131438	366368	2599.960000	0.005000	0.000000
131439	1936512	2599.960000	0.047137	0.000000
131440	2937888	2599.960000	0.096827	0.000000
131441	7904288	2599.960000	1.357008	0.000000
131442	1812608	2599.960000	0.042114	0.000000
131443	3775752	2599.960000	0.608370	0.000000
131444	332928	2599.960000	0.003690	0.000000
131445	8225568	2599.960000	1.455237	0.000000
131446	887112	2599.960000	0.015969	0.000000
131447	394272	2599.960000	0.004513	0.000000
131448	6195200	2599.960000	1.164322	0.000000
131449	383688	2599.960000	0.004579	0.000000
131450	156800	2599.960000	0.002267	0.000000
131451	2626632	2599.960000	0.078673	0.000000
131452	524288	2599.960000	0.006865	0.000000
131453	578888	2599.960000	0.007941	0.000000
131454	8032032	2599.960000	1.244345	0.000000
131455	3786752	2599.960000	0.496165	0.000000
131456	627200	2599.960000	0.012094	0.000000
131457	6771200	2599.960000	1.227191	0.000000
131458	5132808	2599.960000	0.600903	0.000000
131459	3516552	2599.960000	0.190565	0.000000
131460	1391112	2599.960000	0.031740	0.000000
131461	5248800	2599.960000	0.670837	0.000000
131462	3775752	2599.960000	0.495895	0.000000
131463	5458208	2599.960000	0.774077	0.000000
131464	7620608	2599.960000	0.909593	0.000000
131465	1065800	2599.960000	0.030939	0.000000
131466	1548800	2599.960000	0.035131	0.000000
131467	1318688	2599.960000	0.029015	0.000000
131468	3742848	2599.960000	0.370461	0.000000
131469	6800672	2599.960000	0.798172	0.000000
131470	7888392	2599.960000	0.801058	0.000000
131471	2580992	2599.960000	0.070813	0.000000
131472	4954952	2599.960000	0.387236	0.000000
131073	282752	2599.960000	0.005575	0.000000
131074	6919200	2599.960000	0.361546	0.000000
131075	1008200	2599.960000	0.018489	0.000000
131076	729632	2599.960000	0.012330	0.000000
131077	1305728	2599.960000	0.046925	0.000000
131078	6639368	2599.960000	0.927780	0.000000
131079	5497928	2599.960000	0.652599	0.000000
131080	793800	2599.960000	0.013290	0.000000
131081	2508800	2599.960000	0.550643	0.000000
131082	170528	2599.960000	0.001464	0.000000
131083	3297312	2599.960000	0.114207	0.000000
131084	8290592	2599.960000	3.621236	0.000000
131085	6251648	2599.960000	1.130293	0.000000
131086	2645000	2599.960000	0.082908	0.000000
131087	4596512	2599.960000	1.205680	0.000000
131088	4357152	2599.960000	0.494815	0.000000
131089	3819848	2599.960000	0.392283	0.000000
131090	2553800	2599.960000	0.543017	0.000000
131091	980000	2599.960000	0.018212	0.000000
131092	194688	2599.960000	0.002112	0.000000
131093	297992	2599.960000	0.004196	0.000000
131094	233928	2599.960000	0.002242	0.000000
131095	1820232	2599.960000	0.046830	0.000000
131096	7511688	2599.960000	0.784325	0.000000
131097	578888	2599.960000	0.010481	0.000000
131098	710432	2599.960000	0.015966	0.000000
131099	3105032	2599.960000	0.161374	0.000000
131100	304200	2599.960000	0.003333	0.000000
131101	3474248	2599.960000	0.665134	0.000000
131102	4755528	2599.960000	0.370953	0.000000
131103	1641672	2599.960000	0.039056	0.000000
131104	8176968	2599.960000	1.448408	0.000000
131105	5145632	2599.960000	0.801625	0.000000
131106	4010112	2599.960000	0.407736	0.000000
131107	4608648	2599.960000	0.716707	0.000000
131108	2775368	2599.960000	0.104789	0.000000
131109	613832	2599.960000	0.008735	0.000000
131110	207368	2599.960000	0.002011	0.000000
131111	3155072	2599.960000	0.356524	0.000000
131112	184832	2599.960000	0.001495	0.000000
131113	876488	2599.960000	0.015789	0.000000
131114	6083072	2599.960000	0.654769	0.000000
131115	1083392	2599.960000	0.020771	0.000000
131116	7174472	2599.960000	0.878307	0.000000
131117	941192	2599.960000	0.017388	0.000000
131118	8355872	2599.960000	3.824271	0.000000
131119	6948992	2599.960000	0.872243	0.000000
131120	3400832	2599.960000	0.439866	0.000000
131121	2264192	2599.960000	0.058169	0.000000
131122	7683200	2599.960000	1.220394	0.000000
131123	4572288	2599.960000	1.780014	0.000000
131124	5158472	2599.960000	0.670814	0.000000
131125	705672	2599.960000	0.011281	0.000000
131126	159048	2599.960000	0.001366	0.000000
131127	5209992	2599.960000	0.675733	0.000000
131128	4321800	2599.960000	1.512731	0.000000
131129	3559112	2599.960000	0.225543	0.000000
131130	4310048	2599.960000	0.163661	0.000000
131131	4310048	2599.960000	1.448273	0.000000
131132	3287048	2599.960000	0.334823	0.000000
131133	4066952	2599.960000	0.526339	0.000000
131134	7113992	2599.960000	3.255327	0.000000
131135	1912968	2599.960000	0.047724	0.000000
131136	6595712	2599.960000	0.284720	0.000000
131137	1267232	2599.960000	0.037670	0.000000
131138	549152	2599.960000	0.007749	0.000000
131139	1479200	2599.960000	0.031504	0.000000
131140	1077512	2599.960000	0.020114	0.000000
131141	2986568	2599.960000	0.091172	0.000000
131142	1678112	2599.960000	0.037903	0.000000
131143	2272712	2599.960000	0.061067	0.000000
131144	405000	2599.960000	0.005111	0.000000
131145	8290592	2599.960000	1.386550	0.000000
131146	320000	2599.960000	0.003089	0.000000
131147	850208	2599.960000	0.014061	0.000000
131148	320000	2599.960000	0.003153	0.000000
131149	4010112	2599.960000	0.133323	0.000000
131150	366368	2599.960000	0.003956	0.000000
131151	225792	2599.960000	0.002042	0.000000
131152	7904288	2599.960000	3.515178	0.000000
131153	5752832	2599.960000	0.726473	0.000000
131154	3953672	2599.960000	0.137349	0.000000
131155	1198152	2599.960000	0.023961	0.000000
131156	3775752	2599.960000	0.171717	0.000000
131157	1404488	2599.960000	0.031858	0.000000
131158	7220000	2599.960000	1.061655	0.000000
131159	6480000	2599.960000	0.295190	0.000000
131160	8225568	2599.960000	1.428099	0.000000
131161	549152	2599.960000	0.007349	0.000000
131162	4464072	2599.960000	0.162660	0.000000
131163	5971968	2599.960000	0.998049	0.000000
131164	4239872	2599.960000	0.495821	0.000000
131165	1759688	2599.960000	0.065209	0.000000
131166	394272	2599.960000	0.006647	0.000000
131167	412232	2599.960000	0.006554	0.000000
131168	5445000	2599.960000	1.610331	0.000000
131169	1071648	2599.960000	0.020185	0.000000
131170	175232	2599.960000	0.001509	0.000000
131171	383688	2599.960000	0.004432	0.000000
131172	6978848	2599.960000	0.924308	0.000000
131173	6181128	2599.960000	0.900801	0.000000
131174	3495368	2599.960000	0.130455	0.000000
131175	2709792	2599.960000	0.088171	0.000000
131176	156800	2599.960000	0.001211	0.000000
131177	2384928	2599.960000	0.065733	0.000000
131178	4867200	2599.960000	0.761434	0.000000
131179	1984032	2599.960000	0.048971	0.000000
131180	773768	2599.960000	0.012708	0.000000
131181	4608648	2599.960000	0.412510	0.000000
131182	524288	2599.960000	0.006989	0.000000
131183	5739272	2599.960000	0.266948	0.000000
131184	6948992	2599.960000	1.044121	0.000000
131185	1992008	2599.960000	0.050933	0.000000
131186	8032032	2599.960000	0.396107	0.000000
131187	2473088	2599.960000	0.068039	0.000000
131188	1920800	2599.960000	0.046286	0.000000
131189	627200	2599.960000	0.008723	0.000000
131190	250632	2599.960000	0.002544	0.000000
131191	3666632	2599.960000	0.123461	0.000000
131192	1843200	2599.960000	0.042445	0.000000
131193	5132808	2599.960000	1.937059	0.000000
131194	5326848	2599.960000	0.800141	0.000000
131195	744200	2599.960000	0.014174	0.000000
131196	2499848	2599.960000	0.073402	0.000000
131197	2672672	2599.960000	0.103845	0.000000
131198	574592	2599.960000	0.007793	0.000000
131199	1391112	2599.960000	0.029381	0.000000
131200	223112	2599.960000	0.002327	0.000000
131201	4584392	2599.960000	0.577379	0.000000
131202	3775752	2599.960000	0.132908	0.000000
131203	8193152	2599.960000	0.384012	0.000000
131204	6422528	2599.960000	1.019570	0.000000
131205	4500000	2599.960000	0.584395	0.000000
131206	5458208	2599.960000	0.678133	0.000000
131207	1499912	2599.960000	0.033366	0.000000
131208	6978848	2599.960000	3.011467	0.000000
131209	1843200	2599.960000	0.048580	0.000000
131210	326432	2599.960000	0.003538	0.000000
131211	5471432	2599.960000	0.219393	0.000000
131212	366368	2599.960000	0.004033	0.000000
131213	1065800	2599.960000	0.020461	0.000000
131214	5392328	2599.960000	1.060130	0.000000
131215	4892192	2599.960000	0.728944	0.000000
131216	1541768	2599.960000	0.036818	0.000000
131217	3875328	2599.960000	0.430175	0.000000
131218	1318688	2599.960000	0.026415	0.000000
131219	941192	2599.960000	0.016848	0.000000
131220	919368	2599.960000	0.016446	0.000000
131221	5551112	2599.960000	0.894070	0.000000
131222	1641672	2599.960000	0.039759	0.000000
131223	3215648	2599.960000	0.269551	0.000000
131224	622728	2599.960000	0.009137	0.000000
131225	1789832	2599.960000	0.043674	0.000000
131226	2728448	2599.960000	0.077228	0.000000
131227	1292832	2599.960000	0.025843	0.000000
131228	591872	2599.960000	0.007715	0.000000
131229	1254528	2599.960000	0.024661	0.000000
131230	3976200	2599.960000	0.530954	0.000000
131231	829472	2599.960000	0.013947	0.000000
131232	4524032	2599.960000	0.827957	0.000000
131233	6223392	2599.960000	1.075838	0.000000
131234	415872	2599.960000	0.004534	0.000000
131235	8160800	2599.960000	1.578538	0.000000
131236	7730312	2599.960000	1.424413	0.000000
131237	2663432	2599.960000	0.075271	0.000000
131238	2056392	2599.960000	0.052510	0.000000
131239	5458208	2599.960000	0.576999	0.000000
131240	2306952	2599.960000	0.061288	0.000000
131241	2402432	2599.960000	0.062101	0.000000
131242	1013888	2599.960000	0.017770	0.000000
131243	5944352	2599.960000	0.245264	0.000000
131244	408608	2599.960000	0.004867	0.000000
131245	2947592	2599.960000	0.087640	0.000000
131246	468512	2599.960000	0.005487	0.000000
131247	1850888	2599.960000	0.045495	0.000000
131248	5551112	2599.960000	0.689240	0.000000
131249	288800	2599.960000	0.002891	0.000000
131250	7038752	2599.960000	2.911011	0.000000
131251	4967552	2599.960000	0.241241	0.000000
131252	2146592	2599.960000	0.054779	0.000000
131253	434312	2599.960000	0.005275	0.000000
131254	3841992	2599.960000	0.794064	0.000000
131255	991232	2599.960000	0.019180	0.000000
131256	1131008	2599.960000	0.020725	0.000000
131257	8209352	2599.960000	0.674062	0.000000
131258	7746048	2599.960000	1.320644	0.000000
131259	7403552	2599.960000	1.571297	0.000000
131260	1577088	2599.960000	0.034175	0.000000
131261	4181832	2599.960000	0.216908	0.000000
131262	7296200	2599.960000	2.132343	0.000000
131263	4066952	2599.960000	0.148356	0.000000
131264	1031048	2599.960000	0.018999	0.000000
131265	2728448	2599.960000	0.077805	0.000000
131266	6712448	2599.960000	0.521237	0.000000
131267	1866312	2599.960000	0.045790	0.000000
131268	3297312	2599.960000	0.906798	0.000000
131269	3256352	2599.960000	0.098528	0.000000
131270	6181128	2599.960000	0.913470	0.000000
131271	1424672	2599.960000	0.030614	0.000000
131272	8032032	2599.960000	0.537376	0.000000
131273	845000	2599.960000	0.013941	0.000000
131274	1759688	2599.960000	0.042496	0.000000
131275	1577088	2599.960000	0.035078	0.000000
131276	6279968	2599.960000	1.070204	0.000000
131277	1577088	2599.960000	0.035975	0.000000
131278	2562848	2599.960000	0.071102	0.000000
131279	4954952	2599.960000	0.522247	0.000000
131280	4205000	2599.960000	0.443679	0.000000
131281	1465472	2599.960000	0.030987	0.000000
131282	4112712	2599.960000	1.367778	0.000000
131283	2719112	2599.960000	0.730134	0.000000
131284	279752	2599.960000	0.004623	0.000000
131285	1685448	2599.960000	0.041349	0.000000
131286	6653952	2599.960000	0.287632	0.000000
131287	7496192	2599.960000	1.322997	0.000000
131288	4817408	2599.960000	0.588537	0.000000
131289	4193408	2599.960000	0.527951	0.000000
131290	3045512	2599.960000	0.099115	0.000000
131291	4718592	2599.960000	0.648981	0.000000
131292	1729800	2599.960000	0.040260	0.000000
131293	5209992	2599.960000	0.517383	0.000000
131294	6393888	2599.960000	0.336616	0.000000
131295	6494408	2599.960000	1.237757	0.000000
131296	7620608	2599.960000	0.475501	0.000000
131297	1960200	2599.960000	0.048665	0.000000
131298	387200	2599.960000	0.005495	0.000000
131299	7220000	2599.960000	2.461348	0.000000
131300	5861888	2599.960000	0.457472	0.000000
131301	5930568	2599.960000	1.789657	0.000000
131302	4524032	2599.960000	0.616633	0.000000
131303	1292832	2599.960000	0.025246	0.000000
131304	5235848	2599.960000	0.679784	0.000000
131305	8306888	2599.960000	0.744013	0.000000
131306	4879688	2599.960000	0.645500	0.000000
131307	788768	2599.960000	0.012812	0.000000
131308	3095072	2599.960000	0.245296	0.000000
131309	1598472	2599.960000	0.035975	0.000000
131310	7936128	2599.960000	1.590198	0.000000
131311	1591328	2599.960000	0.057088	0.000000
131312	182408	2599.960000	0.001897	0.000000
131313	980000	2599.960000	0.017671	0.000000
131314	7265672	2599.960000	1.479005	0.000000
131315	808992	2599.960000	0.013853	0.000000
131316	8209352	2599.960000	2.533148	0.000000
131317	4170272	2599.960000	0.227765	0.000000
131318	2113568	2599.960000	0.052709	0.000000
131319	8032032	2599.960000	2.175692	0.000000
131320	245000	2599.960000	0.002614	0.000000
131321	1155200	2599.960000	0.022334	0.000000
131322	2298368	2599.960000	0.058553	0.000000
131323	1744712	2599.960000	0.041756	0.000000
131324	7357448	2599.960000	0.839237	0.000000
131325	3085128	2599.960000	0.182758	0.000000
131326	5916800	2599.960000	1.367361	0.000000
131327	4854728	2599.960000	0.283865	0.000000
131328	5030792	2599.960000	0.196281	0.000000
131329	1377800	2599.960000	0.030592	0.000000
131330	4357152	2599.960000	0.582772	0.000000
131331	3474248	2599.960000	0.785075	0.000000
131332	346112	2599.960000	0.003798	0.000000
131333	3964928	2599.960000	0.395983	0.000000
131334	3246152	2599.960000	0.108157	0.000000
131335	445568	2599.960000	0.007445	0.000000
131336	850208	2599.960000	0.014439	0.000000
131337	5820872	2599.960000	0.584347	0.000000
131338	3348872	2599.960000	0.140558	0.000000
131339	7605000	2599.960000	1.206066	0.000000
131340	5780000	2599.960000	1.253258	0.000000
131341	739328	2599.960000	0.012550	0.000000
131342	5875592	2599.960000	0.378300	0.000000
131343	6889472	2599.960000	0.425020	0.000000
131344	1113032	2599.960000	0.023307	0.000000
131345	913952	2599.960000	0.015811	0.000000
131346	133128	2599.960000	0.001101	0.000000
131347	453152	2599.960000	0.005483	0.000000
131348	2709792	2599.960000	0.116344	0.000000
131349	1191968	2599.960000	0.022896	0.000000
131350	5875592	2599.960000	1.358628	0.000000
131351	6451232	2599.960000	1.892094	0.000000
131352	2105352	2599.960000	0.054830	0.000000
131353	175232	2599.960000	0.001581	0.000000
131354	6111008	2599.960000	1.340152	0.000000
131355	7542728	2599.960000	2.444605	0.000000
131356	7174472	2599.960000	0.977173	0.000000
131357	5405472	2599.960000	0.211665	0.000000
131358	2163200	2599.960000	0.053175	0.000000
131359	5712200	2599.960000	0.248472	0.000000
131360	3645000	2599.960000	0.127041	0.000000
131361	7809152	2599.960000	2.569611	0.000000
131362	578888	2599.960000	0.007955	0.000000
131363	1204352	2599.960000	0.024949	0.000000
131364	3276800	2599.960000	0.516397	0.000000
131365	6624800	2599.960000	1.500010	0.000000
131366	3484800	2599.960000	0.717536	0.000000
131367	3853088	2599.960000	0.682596	0.000000
131368	524288	2599.960000	0.006752	0.000000
131369	7558272	2599.960000	2.450908	0.000000
131370	3155072	2599.960000	0.094566	0.000000
131371	1223048	2599.960000	0.024543	0.000000
131372	4694048	2599.960000	0.805773	0.000000
131373	7311488	2599.960000	2.113496	0.000000
131374	5184200	2599.960000	0.955884	0.000000
131375	6756488	2599.960000	1.759909	0.000000
131376	3527168	2599.960000	0.115246	0.000000
131377	2088968	2599.960000	0.053669	0.000000
131378	3085128	2599.960000	0.099425	0.000000
131379	8355872	2599.960000	2.848542	0.000000
131380	587528	2599.960000	0.008184	0.000000
131381	3601928	2599.960000	0.121105	0.000000
131382	3421728	2599.960000	0.107364	0.000000
131383	2171528	2599.960000	0.059456	0.000000
131384	8080200	2599.960000	0.706869	0.000000
131385	3297312	2599.960000	0.105638	0.000000
131386	4805000	2599.960000	1.240315	0.000000
131387	3645000	2599.960000	0.120346	0.000000
131388	3307592	2599.960000	0.109787	0.000000
131389	4158728	2599.960000	0.587616	0.000000
131390	996872	2599.960000	0.017723	0.000000
131391	2526752	2599.960000	0.072819	0.000000
131392	313632	2599.960000	0.003351	0.000000
131393	3559112	2599.960000	0.312625	0.000000
131394	4380800	2599.960000	0.155264	0.000000
131395	1191968	2599.960000	0.022979	0.000000
131396	3516552	2599.960000	0.115165	0.000000
131397	2024072	2599.960000	0.051959	0.000000
131398	788768	2599.960000	0.012423	0.000000
131399	3516552	2599.960000	0.223850	0.000000
131400	262088	2599.960000	0.002685	0.000000
131401	6639368	2599.960000	1.535480	0.000000
131402	1364552	2599.960000	0.033326	0.000000
131403	783752	2599.960000	0.013237	0.000000
131404	1936512	2599.960000	0.046146	0.000000
131405	5043488	2599.960000	1.002659	0.000000
131406	2937888	2599.960000	0.090831	0.000000
131407	3645000	2599.960000	0.127977	0.000000
131408	7220000	2599.960000	1.782257	0.000000
131409	1812608	2599.960000	0.041147	0.000000
131410	5551112	2599.960000	0.753088	0.000000
131411	5725728	2599.960000	0.248014	0.000000
131412	2324168	2599.960000	0.066353	0.000000
131413	332928	2599.960000	0.003478	0.000000
131414	297992	2599.960000	0.003159	0.000000
131415	397832	2599.960000	0.006124	0.000000
131416	1527752	2599.960000	0.034044	0.000000
131417	887112	2599.960000	0.015708	0.000000
131418	2097152	2599.960000	0.052399	0.000000
131419	4101248	2599.960000	0.149197	0.000000
131420	4706312	2599.960000	0.181916	0.000000
131421	6195200	2599.960000	1.171309	0.000000
131422	3527168	2599.960000	0.116821	0.000000
131423	2056392	2599.960000	0.053854	0.000000
131424	1025312	2599.960000	0.019061	0.000000
131425	2626632	2599.960000	0.077026	0.000000
131426	2517768	2599.960000	0.071382	0.000000
131427	618272	2599.960000	0.009550	0.000000
131428	1936512	2599.960000	0.047630	0.000000
131429	578888	2599.960000	0.008246	0.000000
131430	6013512	2599.960000	1.537340	0.000000
131431	4718592	2599.960000	1.160030	0.000000
131432	5766408	2599.960000	1.273122	0.000000
131433	3786752	2599.960000	0.121159	0.000000
131434	7174472	2599.960000	1.995538	0.000000
131435	3612672	2599.960000	0.172925	0.000000
131436	438048	2599.960000	0.005460	0.000000
131437	6771200	2599.960000	0.993114	0.000000
131438	172872	2599.960000	0.001542	0.000000
131439	578888	2599.960000	0.007785	0.000000
131440	480200	2599.960000	0.006142	0.000000
131441	3516552	2599.960000	0.115286	0.000000
131442	4681800	2599.960000	1.272794	0.000000
131443	2728448	2599.960000	0.112325	0.000000
131444	3215648	2599.960000	0.172102	0.000000
131445	5248800	2599.960000	0.209496	0.000000
131446	209952	2599.960000	0.002806	0.000000
131447	5551112	2599.960000	1.143623	0.000000
131448	2048288	2599.960000	0.050619	0.000000
131449	5848200	2599.960000	0.260818	0.000000
131450	5056200	2599.960000	1.317365	0.000000
131451	7620608	2599.960000	1.183111	0.000000
131452	6125000	2599.960000	0.755367	0.000000
131453	5766408	2599.960000	1.198248	0.000000
131454	1223048	2599.960000	0.026443	0.000000
131455	1548800	2599.960000	0.032827	0.000000
131456	5930568	2599.960000	0.257014	0.000000
131457	3411272	2599.960000	0.111297	0.000000
131458	6653952	2599.960000	0.904998	0.000000
131459	3742848	2599.960000	0.147749	0.000000
131460	220448	2599.960000	0.002158	0.000000
131461	549152	2599.960000	0.007376	0.000000
131462	7761800	2599.960000	0.788381	0.000000
131463	6800672	2599.960000	0.676110	0.000000
131464	199712	2599.960000	0.001901	0.000000
131465	3548448	2599.960000	0.191975	0.000000
131466	5120000	2599.960000	0.191833	0.000000
131467	7888392	2599.960000	1.031677	0.000000
131468	758912	2599.960000	0.012026	0.000000
131469	2580992	2599.960000	0.071469	0.000000
131470	223112	2599.960000	0.002183	0.000000
131471	4954952	2599.960000	0.729671	0.000000
131472	520200	2599.960000	0.006870	0.000000
131073	2508800	2599.960000	0.076779	0.000000
131074	282752	2599.960000	0.003200	0.000000
131075	793800	2599.960000	0.012934	0.000000
131076	5497928	2599.960000	1.190107	0.000000
131077	1305728	2599.960000	0.026874	0.000000
131078	6919200	2599.960000	0.974598	0.000000
131079	729632	2599.960000	0.014280	0.000000
131080	3297312	2599.960000	0.106770	0.000000
131081	170528	2599.960000	0.001543	0.000000
131082	6639368	2599.960000	1.551294	0.000000
131083	6251648	2599.960000	1.065502	0.000000
131084	8290592	2599.960000	1.085124	0.000000
131085	1008200	2599.960000	0.018514	0.000000
131086	4357152	2599.960000	0.862105	0.000000
131087	159048	2599.960000	0.001444	0.000000
131088	980000	2599.960000	0.027395	0.000000
131089	1820232	2599.960000	0.047648	0.000000
131090	7511688	2599.960000	1.069561	0.000000
131091	578888	2599.960000	0.008759	0.000000
131092	233928	2599.960000	0.002449	0.000000
131093	3495368	2599.960000	0.513737	0.000000
131094	304200	2599.960000	0.005198	0.000000
131095	3474248	2599.960000	0.115666	0.000000
131096	5145632	2599.960000	0.995650	0.000000
131097	8176968	2599.960000	1.194469	0.000000
131098	919368	2599.960000	0.018222	0.000000
131099	207368	2599.960000	0.002003	0.000000
131100	184832	2599.960000	0.001534	0.000000
131101	876488	2599.960000	0.015015	0.000000
131102	3155072	2599.960000	0.352247	0.000000
131103	1850888	2599.960000	0.045807	0.000000
131104	7174472	2599.960000	0.904790	0.000000
131105	941192	2599.960000	0.016755	0.000000
131106	4596512	2599.960000	0.179708	0.000000
131107	2645000	2599.960000	0.079473	0.000000
131108	2264192	2599.960000	0.060363	0.000000
131109	3400832	2599.960000	0.188212	0.000000
131110	1759688	2599.960000	0.041901	0.000000
131111	7683200	2599.960000	1.498356	0.000000
131112	4572288	2599.960000	0.165553	0.000000
131113	5209992	2599.960000	0.882566	0.000000
131114	4321800	2599.960000	0.448679	0.000000
131115	3559112	2599.960000	0.539833	0.000000
131116	4066952	2599.960000	0.335937	0.000000
131117	3287048	2599.960000	0.113808	0.000000
131118	4310048	2599.960000	0.537169	0.000000
131119	387200	2599.960000	0.004343	0.000000
131120	1267232	2599.960000	0.025187	0.000000
131121	8032032	2599.960000	1.455993	0.000000
131122	1479200	2599.960000	0.031246	0.000000
131123	2986568	2599.960000	0.091795	0.000000
131124	1678112	2599.960000	0.038318	0.000000
131125	8290592	2599.960000	2.578001	0.000000
131126	320000	2599.960000	0.003220	0.000000
131127	320000	2599.960000	0.003173	0.000000
131128	850208	2599.960000	0.014018	0.000000
131129	5780000	2599.960000	1.924113	0.000000
131130	5752832	2599.960000	1.005334	0.000000
131131	3953672	2599.960000	0.305079	0.000000
131132	5405472	2599.960000	1.745428	0.000000
131133	1404488	2599.960000	0.030895	0.000000
131134	2553800	2599.960000	0.077139	0.000000
131135	549152	2599.960000	0.007682	0.000000
131136	6480000	2599.960000	1.789290	0.000000
131137	4464072	2599.960000	1.352714	0.000000
131138	3819848	2599.960000	0.546721	0.000000
131139	5971968	2599.960000	0.826861	0.000000
131140	6756488	2599.960000	1.039099	0.000000
131141	4239872	2599.960000	0.554580	0.000000
131142	5445000	2599.960000	1.762079	0.000000
131143	412232	2599.960000	0.005279	0.000000
131144	1071648	2599.960000	0.019783	0.000000
131145	6978848	2599.960000	1.088198	0.000000
131146	3645000	2599.960000	0.368412	0.000000
131147	2709792	2599.960000	0.089035	0.000000
131148	2384928	2599.960000	0.066068	0.000000
131149	1984032	2599.960000	0.050461	0.000000
131150	4608648	2599.960000	0.496018	0.000000
131151	5739272	2599.960000	0.641226	0.000000
131152	773768	2599.960000	0.012807	0.000000
131153	6948992	2599.960000	1.536465	0.000000
131154	2024072	2599.960000	0.052546	0.000000
131155	2473088	2599.960000	0.068289	0.000000
131156	250632	2599.960000	0.002635	0.000000
131157	1936512	2599.960000	0.048855	0.000000
131158	1843200	2599.960000	0.043748	0.000000
131159	5326848	2599.960000	1.350931	0.000000
131160	744200	2599.960000	0.011651	0.000000
131161	2672672	2599.960000	0.074427	0.000000
131162	574592	2599.960000	0.008195	0.000000
131163	1812608	2599.960000	0.042140	0.000000
131164	223112	2599.960000	0.001990	0.000000
131165	297992	2599.960000	0.003211	0.000000
131166	194688	2599.960000	0.001887	0.000000
131167	8193152	2599.960000	0.736675	0.000000
131168	4500000	2599.960000	1.090440	0.000000
131169	332928	2599.960000	0.003514	0.000000
131170	1499912	2599.960000	0.032757	0.000000
131171	5471432	2599.960000	0.824562	0.000000
131172	1843200	2599.960000	0.043122	0.000000
131173	366368	2599.960000	0.004044	0.000000
131174	326432	2599.960000	0.003270	0.000000
131175	5392328	2599.960000	0.794136	0.000000
131176	1541768	2599.960000	0.034893	0.000000
131177	3875328	2599.960000	0.234740	0.000000
131178	887112	2599.960000	0.015743	0.000000
131179	941192	2599.960000	0.016604	0.000000
131180	5551112	2599.960000	1.204895	0.000000
131181	1641672	2599.960000	0.038934	0.000000
131182	6195200	2599.960000	1.228469	0.000000
131183	3215648	2599.960000	0.099617	0.000000
131184	622728	2599.960000	0.008797	0.000000
131185	1292832	2599.960000	0.025615	0.000000
131186	1789832	2599.960000	0.042398	0.000000
131187	2728448	2599.960000	0.074442	0.000000
131188	591872	2599.960000	0.007938	0.000000
131189	2626632	2599.960000	0.075131	0.000000
131190	3105032	2599.960000	0.097077	0.000000
131191	3976200	2599.960000	1.020356	0.000000
131192	1254528	2599.960000	0.025381	0.000000
131193	829472	2599.960000	0.013578	0.000000
131194	710432	2599.960000	0.010880	0.000000
131195	578888	2599.960000	0.007932	0.000000
131196	4524032	2599.960000	1.104318	0.000000
131197	6223392	2599.960000	0.720501	0.000000
131198	415872	2599.960000	0.004553	0.000000
131199	8160800	2599.960000	0.989782	0.000000
131200	3786752	2599.960000	0.121189	0.000000
131201	7730312	2599.960000	1.985863	0.000000
131202	5458208	2599.960000	0.934205	0.000000
131203	2663432	2599.960000	0.075579	0.000000
131204	2056392	2599.960000	0.053450	0.000000
131205	2306952	2599.960000	0.060939	0.000000
131206	6771200	2599.960000	1.489472	0.000000
131207	2402432	2599.960000	0.065426	0.000000
131208	1013888	2599.960000	0.017714	0.000000
131209	5944352	2599.960000	1.588098	0.000000
131210	408608	2599.960000	0.004651	0.000000
131211	2947592	2599.960000	0.093361	0.000000
131212	468512	2599.960000	0.005471	0.000000
131213	3516552	2599.960000	0.118457	0.000000
131214	5551112	2599.960000	1.514833	0.000000
131215	288800	2599.960000	0.002891	0.000000
131216	7038752	2599.960000	1.238807	0.000000
131217	2146592	2599.960000	0.054666	0.000000
131218	5248800	2599.960000	0.325614	0.000000
131219	4967552	2599.960000	1.355070	0.000000
131220	3841992	2599.960000	0.220372	0.000000
131221	434312	2599.960000	0.005423	0.000000
131222	1641672	2599.960000	0.040025	0.000000
131223	991232	2599.960000	0.017096	0.000000
131224	4755528	2599.960000	0.468729	0.000000
131225	1131008	2599.960000	0.020736	0.000000
131226	7620608	2599.960000	1.463591	0.000000
131227	8209352	2599.960000	2.557618	0.000000
131228	1577088	2599.960000	0.051290	0.000000
131229	7746048	2599.960000	0.741497	0.000000
131230	7403552	2599.960000	0.545719	0.000000
131231	7296200	2599.960000	1.486955	0.000000
131232	1548800	2599.960000	0.033402	0.000000
131233	4181832	2599.960000	0.650995	0.000000
131234	1031048	2599.960000	0.019181	0.000000
131235	4066952	2599.960000	0.648501	0.000000
131236	6712448	2599.960000	1.150063	0.000000
131237	2728448	2599.960000	0.078920	0.000000
131238	3742848	2599.960000	0.411401	0.000000
131239	1866312	2599.960000	0.045329	0.000000
131240	6181128	2599.960000	1.408210	0.000000
131241	3297312	2599.960000	0.444267	0.000000
131242	3256352	2599.960000	0.106640	0.000000
131243	1424672	2599.960000	0.030334	0.000000
131244	6800672	2599.960000	1.520949	0.000000
131245	845000	2599.960000	0.014495	0.000000
131246	8032032	2599.960000	2.387804	0.000000
131247	1577088	2599.960000	0.033531	0.000000
131248	6279968	2599.960000	0.267180	0.000000
131249	7888392	2599.960000	2.169034	0.000000
131250	4608648	2599.960000	0.874225	0.000000
131251	1577088	2599.960000	0.034188	0.000000
131252	4010112	2599.960000	0.134767	0.000000
131253	2562848	2599.960000	0.071069	0.000000
131254	4954952	2599.960000	0.197470	0.000000
131255	1465472	2599.960000	0.031252	0.000000
131256	4205000	2599.960000	0.216452	0.000000
131257	4112712	2599.960000	0.932706	0.000000
131258	2580992	2599.960000	0.068506	0.000000
131259	2719112	2599.960000	0.079308	0.000000
131260	4954952	2599.960000	0.198214	0.000000
131261	279752	2599.960000	0.002835	0.000000
131262	6653952	2599.960000	1.908040	0.000000
131263	4817408	2599.960000	0.782340	0.000000
131264	1685448	2599.960000	0.040320	0.000000
131265	7496192	2599.960000	0.433940	0.000000
131266	3045512	2599.960000	0.093724	0.000000
131267	4193408	2599.960000	0.718571	0.000000
131268	4718592	2599.960000	1.073945	0.000000
131269	1729800	2599.960000	0.040669	0.000000
131270	6393888	2599.960000	0.613433	0.000000
131271	5209992	2599.960000	1.410348	0.000000
131272	1960200	2599.960000	0.048794	0.000000
131273	6494408	2599.960000	1.726715	0.000000
131274	613832	2599.960000	0.008949	0.000000
131275	7620608	2599.960000	0.907445	0.000000
131276	2775368	2599.960000	0.092561	0.000000
131277	7220000	2599.960000	1.830073	0.000000
131278	5861888	2599.960000	0.580720	0.000000
131279	5930568	2599.960000	1.299034	0.000000
131280	4524032	2599.960000	0.158210	0.000000
131281	1292832	2599.960000	0.026239	0.000000
131282	5235848	2599.960000	0.208900	0.000000
131283	8306888	2599.960000	2.541964	0.000000
131284	4879688	2599.960000	0.610609	0.000000
131285	3095072	2599.960000	0.574941	0.000000
131286	788768	2599.960000	0.012630	0.000000
131287	7936128	2599.960000	2.262933	0.000000
131288	1598472	2599.960000	0.037096	0.000000
131289	1591328	2599.960000	0.037101	0.000000
131290	182408	2599.960000	0.003025	0.000000
131291	1083392	2599.960000	0.019858	0.000000
131292	980000	2599.960000	0.017686	0.000000
131293	6083072	2599.960000	1.310386	0.000000
131294	7265672	2599.960000	0.592999	0.000000
131295	808992	2599.960000	0.013314	0.000000
131296	4170272	2599.960000	0.706773	0.000000
131297	8209352	2599.960000	2.107205	0.000000
131298	2113568	2599.960000	0.054840	0.000000
131299	245000	2599.960000	0.002541	0.000000
131300	1155200	2599.960000	0.022046	0.000000
131301	1744712	2599.960000	0.041122	0.000000
131302	2298368	2599.960000	0.061276	0.000000
131303	7357448	2599.960000	1.828290	0.000000
131304	5916800	2599.960000	0.708793	0.000000
131305	3085128	2599.960000	0.543737	0.000000
131306	4854728	2599.960000	0.189786	0.000000
131307	1377800	2599.960000	0.029655	0.000000
131308	5030792	2599.960000	1.219073	0.000000
131309	4357152	2599.960000	0.224425	0.000000
131310	3474248	2599.960000	0.669225	0.000000
131311	6948992	2599.960000	1.482507	0.000000
131312	3246152	2599.960000	0.104243	0.000000
131313	8355872	2599.960000	1.269626	0.000000
131314	3964928	2599.960000	0.168447	0.000000
131315	346112	2599.960000	0.003665	0.000000
131316	445568	2599.960000	0.005400	0.000000
131317	5820872	2599.960000	0.585428	0.000000
131318	850208	2599.960000	0.014414	0.000000
131319	3348872	2599.960000	0.108905	0.000000
131320	7605000	2599.960000	1.439014	0.000000
131321	5875592	2599.960000	0.963126	0.000000
131322	739328	2599.960000	0.011020	0.000000
131323	6889472	2599.960000	0.457776	0.000000
131324	1113032	2599.960000	0.021838	0.000000
131325	913952	2599.960000	0.015744	0.000000
131326	2709792	2599.960000	0.275691	0.000000
131327	453152	2599.960000	0.005730	0.000000
131328	133128	2599.960000	0.000985	0.000000
131329	705672	2599.960000	0.010550	0.000000
131330	5158472	2599.960000	0.704940	0.000000
131331	1191968	2599.960000	0.023230	0.000000
131332	6451232	2599.960000	0.528362	0.000000
131333	2105352	2599.960000	0.082586	0.000000
131334	175232	2599.960000	0.002780	0.000000
131335	5875592	2599.960000	0.994036	0.000000
131336	6111008	2599.960000	1.236876	0.000000
131337	7174472	2599.960000	1.234738	0.000000
131338	7542728	2599.960000	0.892717	0.000000
131339	2163200	2599.960000	0.348928	0.000000
131340	3645000	2599.960000	0.371149	0.000000
131341	5712200	2599.960000	0.758048	0.000000
131342	7809152	2599.960000	3.118439	0.000000
131343	578888	2599.960000	0.008236	0.000000
131344	7113992	2599.960000	1.439713	0.000000
131345	4310048	2599.960000	0.175236	0.000000
131346	3276800	2599.960000	0.098129	0.000000
131347	6624800	2599.960000	0.767904	0.000000
131348	1204352	2599.960000	0.026481	0.000000
131349	3484800	2599.960000	0.112549	0.000000
131350	3853088	2599.960000	0.732942	0.000000
131351	7558272	2599.960000	1.279742	0.000000
131352	524288	2599.960000	0.007168	0.000000
131353	1223048	2599.960000	0.025786	0.000000
131354	3155072	2599.960000	0.667666	0.000000
131355	7311488	2599.960000	1.193825	0.000000
131356	4694048	2599.960000	0.400984	0.000000
131357	5184200	2599.960000	0.381563	0.000000
131358	2088968	2599.960000	0.054201	0.000000
131359	3527168	2599.960000	0.270604	0.000000
131360	6595712	2599.960000	0.280734	0.000000
131361	587528	2599.960000	0.008390	0.000000
131362	3085128	2599.960000	0.347574	0.000000
131363	1912968	2599.960000	0.047326	0.000000
131364	8355872	2599.960000	3.483079	0.000000
131365	3601928	2599.960000	0.123238	0.000000
131366	3421728	2599.960000	0.939310	0.000000
131367	2171528	2599.960000	0.057128	0.000000
131368	8080200	2599.960000	1.210584	0.000000
131369	3297312	2599.960000	0.117985	0.000000
131370	1077512	2599.960000	0.020196	0.000000
131371	549152	2599.960000	0.007709	0.000000
131372	4805000	2599.960000	1.582310	0.000000
131373	4158728	2599.960000	0.152002	0.000000
131374	996872	2599.960000	0.017803	0.000000
131375	3307592	2599.960000	0.107395	0.000000
131376	2526752	2599.960000	0.068620	0.000000
131377	313632	2599.960000	0.003148	0.000000
131378	405000	2599.960000	0.005284	0.000000
131379	3559112	2599.960000	0.117023	0.000000
131380	2272712	2599.960000	0.064802	0.000000
131381	4380800	2599.960000	0.277154	0.000000
131382	3516552	2599.960000	0.115958	0.000000
131383	1191968	2599.960000	0.023384	0.000000
131384	788768	2599.960000	0.012291	0.000000
131385	3516552	2599.960000	0.116728	0.000000
131386	262088	2599.960000	0.002789	0.000000
131387	366368	2599.960000	0.004267	0.000000
131388	4010112	2599.960000	0.134135	0.000000
131389	6639368	2599.960000	0.327916	0.000000
131390	783752	2599.960000	0.012624	0.000000
131391	1364552	2599.960000	0.029179	0.000000
131392	5043488	2599.960000	0.683247	0.000000
131393	2937888	2599.960000	0.085020	0.000000
131394	7904288	2599.960000	2.879668	0.000000
131395	225792	2599.960000	0.002030	0.000000
131396	3645000	2599.960000	0.265820	0.000000
131397	7220000	2599.960000	1.203657	0.000000
131398	5551112	2599.960000	0.794427	0.000000
131399	3775752	2599.960000	0.129121	0.000000
131400	1198152	2599.960000	0.024660	0.000000
131401	5725728	2599.960000	2.010540	0.000000
131402	2324168	2599.960000	0.064508	0.000000
131403	297992	2599.960000	0.003311	0.000000
131404	8225568	2599.960000	1.858801	0.000000
131405	7220000	2599.960000	2.668022	0.000000
131406	397832	2599.960000	0.004941	0.000000
131407	1527752	2599.960000	0.035109	0.000000
131408	394272	2599.960000	0.004329	0.000000
131409	1759688	2599.960000	0.042129	0.000000
131410	2097152	2599.960000	0.053335	0.000000
131411	4101248	2599.960000	0.326084	0.000000
131412	4706312	2599.960000	1.543246	0.000000
131413	383688	2599.960000	0.004564	0.000000
131414	175232	2599.960000	0.001501	0.000000
131415	3527168	2599.960000	0.116670	0.000000
131416	2056392	2599.960000	0.053582	0.000000
131417	1025312	2599.960000	0.018624	0.000000
131418	156800	2599.960000	0.001261	0.000000
131419	6181128	2599.960000	0.662105	0.000000
131420	2517768	2599.960000	0.072562	0.000000
131421	618272	2599.960000	0.008975	0.000000
131422	1936512	2599.960000	0.046640	0.000000
131423	524288	2599.960000	0.007054	0.000000
131424	4867200	2599.960000	0.444570	0.000000
131425	6013512	2599.960000	0.781394	0.000000
131426	4718592	2599.960000	1.311616	0.000000
131427	5766408	2599.960000	0.954888	0.000000
131428	8032032	2599.960000	1.562178	0.000000
131429	1992008	2599.960000	0.050731	0.000000
131430	7174472	2599.960000	0.803881	0.000000
131431	627200	2599.960000	0.008449	0.000000
131432	1920800	2599.960000	0.046568	0.000000
131433	3612672	2599.960000	0.116753	0.000000
131434	438048	2599.960000	0.005268	0.000000
131435	172872	2599.960000	0.001461	0.000000
131436	5132808	2599.960000	0.219960	0.000000
131437	3666632	2599.960000	0.479299	0.000000
131438	578888	2599.960000	0.008172	0.000000
131439	480200	2599.960000	0.006451	0.000000
131440	2499848	2599.960000	0.072483	0.000000
131441	1391112	2599.960000	0.032494	0.000000
131442	4681800	2599.960000	0.228680	0.000000
131443	2728448	2599.960000	0.078145	0.000000
131444	3215648	2599.960000	0.231690	0.000000
131445	4584392	2599.960000	0.212440	0.000000
131446	3775752	2599.960000	0.129615	0.000000
131447	2048288	2599.960000	0.076034	0.000000
131448	209952	2599.960000	0.001928	0.000000
131449	5551112	2599.960000	1.031257	0.000000
131450	6422528	2599.960000	1.156489	0.000000
131451	5458208	2599.960000	0.911992	0.000000
131452	5848200	2599.960000	0.975386	0.000000
131453	5056200	2599.960000	0.493736	0.000000
131454	6125000	2599.960000	0.686092	0.000000
131455	1065800	2599.960000	0.022814	0.000000
131456	6978848	2599.960000	0.336582	0.000000
131457	5766408	2599.960000	0.985998	0.000000
131458	1223048	2599.960000	0.024711	0.000000
131459	5930568	2599.960000	0.770555	0.000000
131460	1318688	2599.960000	0.027016	0.000000
131461	4892192	2599.960000	0.742234	0.000000
131462	3411272	2599.960000	0.147823	0.000000
131463	6653952	2599.960000	0.730643	0.000000
131464	220448	2599.960000	0.002182	0.000000
131465	549152	2599.960000	0.007605	0.000000
131466	7761800	2599.960000	0.748893	0.000000
131467	199712	2599.960000	0.001895	0.000000
131468	3548448	2599.960000	0.112369	0.000000
131469	5120000	2599.960000	0.190095	0.000000
131470	758912	2599.960000	0.011743	0.000000
131471	223112	2599.960000	0.002225	0.000000
131472	520200	2599.960000	0.006977	0.000000
131073	6251648	2599.960000	1.104318	1.040254
131074	1305728	2599.960000	0.031363	0.023843
131075	2508800	2599.960000	0.114151	0.271081
131076	170528	2599.960000	0.002253	0.209446
131077	793800	2599.960000	0.015206	0.081360
131078	6919200	2599.960000	2.689095	1.177439
131079	5497928	2599.960000	0.319370	0.885361
131080	6639368	2599.960000	1.189040	1.119932
131081	8290592	2599.960000	0.639927	1.459267
131082	282752	2599.960000	0.004084	0.186383
131083	3297312	2599.960000	0.118407	0.433124
131084	1008200	2599.960000	0.027956	0.037300
131085	729632	2599.960000	0.018354	0.094547
131086	159048	2599.960000	0.001818	0.211805
131087	4357152	2599.960000	0.614938	0.650926
131088	980000	2599.960000	0.021465	0.043095
131089	1820232	2599.960000	0.053261	0.129577
131090	7511688	2599.960000	3.144016	1.299198
131091	578888	2599.960000	0.011023	0.125526
131092	233928	2599.960000	0.003237	0.196417
131093	3495368	2599.960000	0.131541	0.473825
131094	304200	2599.960000	0.003599	0.181975
131095	3474248	2599.960000	0.199267	0.469485
131096	919368	2599.960000	0.020378	0.055555
131097	8176968	2599.960000	1.438384	1.435917
131098	5145632	2599.960000	0.851243	0.812962
131099	207368	2599.960000	0.002971	0.201875
131100	184832	2599.960000	0.002224	0.206506
131101	876488	2599.960000	0.022570	0.064367
131102	1850888	2599.960000	0.092304	0.135877
131103	3155072	2599.960000	0.616876	0.403893
131104	7174472	2599.960000	1.289648	1.229899
131105	2645000	2599.960000	0.131121	0.299070
131106	4596512	2599.960000	0.738988	0.700116
131107	941192	2599.960000	0.016707	0.051070
131108	2264192	2599.960000	0.175670	0.220812
131109	1759688	2599.960000	0.066009	0.117134
131110	3400832	2599.960000	0.365641	0.454398
131111	4572288	2599.960000	0.683154	0.695137
131112	7683200	2599.960000	1.648349	1.334445
131113	5209992	2599.960000	1.036877	0.826189
131114	4321800	2599.960000	0.543104	0.643661
131115	3559112	2599.960000	0.119304	0.486925
131116	4066952	2599.960000	0.525105	0.591288
131117	3287048	2599.960000	0.112096	0.431014
131118	387200	2599.960000	0.006423	0.164919
131119	4310048	2599.960000	0.476054	0.641246
131120	8032032	2599.960000	3.075749	1.406132
131121	1267232	2599.960000	0.025138	0.015932
131122	1479200	2599.960000	0.047828	0.059493
131123	2986568	2599.960000	0.142476	0.369264
131124	1678112	2599.960000	0.038482	0.100370
131125	8290592	2599.960000	2.818997	1.459267
131126	320000	2599.960000	0.004519	0.178728
131127	320000	2599.960000	0.004512	0.178728
131128	5780000	2599.960000	2.007938	0.943328
131129	850208	2599.960000	0.014513	0.069768
131130	5752832	2599.960000	0.926494	0.937745
131131	5405472	2599.960000	2.387863	0.866361
131132	3953672	2599.960000	0.433624	0.568009
131133	6480000	2599.960000	1.363688	1.087182
131134	2553800	2599.960000	0.074473	0.280328
131135	1404488	2599.960000	0.030565	0.044139
131136	3819848	2599.960000	0.129890	0.540507
131137	4464072	2599.960000	0.878053	0.672899
131138	549152	2599.960000	0.007919	0.131637
131139	6756488	2599.960000	1.535252	1.144001
131140	5971968	2599.960000	1.177499	0.982779
131141	4239872	2599.960000	0.144108	0.626824
131142	5445000	2599.960000	1.095974	0.874484
131143	412232	2599.960000	0.005737	0.159774
131144	1071648	2599.960000	0.019365	0.024261
131145	6978848	2599.960000	1.314882	1.189697
131146	3645000	2599.960000	0.527924	0.504575
131147	2709792	2599.960000	0.091259	0.312385
131148	2384928	2599.960000	0.061946	0.245624
131149	5739272	2599.960000	0.982868	0.934958
131150	1984032	2599.960000	0.050448	0.163238
131151	4608648	2599.960000	1.207105	0.702610
131152	773768	2599.960000	0.012763	0.085477
131153	6948992	2599.960000	1.113229	1.183562
131154	2024072	2599.960000	0.054520	0.171467
131155	2473088	2599.960000	0.070823	0.263742
131156	250632	2599.960000	0.002889	0.192984
131157	1936512	2599.960000	0.048272	0.153473
131158	1843200	2599.960000	0.044146	0.134297
131159	5326848	2599.960000	0.773147	0.850203
131160	2672672	2599.960000	0.073518	0.304757
131161	744200	2599.960000	0.011960	0.091553
131162	574592	2599.960000	0.007744	0.126409
131163	1812608	2599.960000	0.043390	0.128010
131164	297992	2599.960000	0.003354	0.183251
131165	194688	2599.960000	0.001910	0.204481
131166	223112	2599.960000	0.002394	0.198639
131167	8193152	2599.960000	1.504881	1.439243
131168	4500000	2599.960000	0.161347	0.680282
131169	332928	2599.960000	0.003504	0.176072
131170	1843200	2599.960000	0.042220	0.134297
131171	1499912	2599.960000	0.032422	0.063749
131172	5471432	2599.960000	2.215039	0.879916
131173	5392328	2599.960000	0.888446	0.863660
131174	366368	2599.960000	0.004230	0.169200
131175	326432	2599.960000	0.003201	0.177407
131176	1541768	2599.960000	0.035352	0.072351
131177	887112	2599.960000	0.015787	0.062184
131178	3875328	2599.960000	0.521709	0.551909
131179	5551112	2599.960000	0.908206	0.896291
131180	941192	2599.960000	0.016406	0.051070
131181	1641672	2599.960000	0.039069	0.092882
131182	6195200	2599.960000	1.531759	1.028654
131183	3215648	2599.960000	0.098798	0.416341
131184	1292832	2599.960000	0.025869	0.021193
131185	622728	2599.960000	0.008757	0.116516
131186	1789832	2599.960000	0.041790	0.123329
131187	2728448	2599.960000	0.075728	0.316219
131188	591872	2599.960000	0.007706	0.122857
131189	2626632	2599.960000	0.116215	0.295296
131190	3105032	2599.960000	0.102560	0.393609
131191	829472	2599.960000	0.020007	0.074029
131192	3976200	2599.960000	0.138513	0.572638
131193	710432	2599.960000	0.010376	0.098493
131194	4524032	2599.960000	0.161547	0.685221
131195	578888	2599.960000	0.012123	0.125526
131196	1254528	2599.960000	0.025061	0.013322
131197	415872	2599.960000	0.004949	0.159026
131198	6223392	2599.960000	1.039259	1.034447
131199	8160800	2599.960000	0.491675	1.432594
131200	3786752	2599.960000	0.702604	0.533706
131201	7730312	2599.960000	1.525635	1.344127
131202	2663432	2599.960000	0.245891	0.302858
131203	5458208	2599.960000	1.829026	0.877198
131204	2056392	2599.960000	0.054054	0.178109
131205	2402432	2599.960000	0.066322	0.249221
131206	2306952	2599.960000	0.063610	0.229600
131207	408608	2599.960000	0.004803	0.160519
131208	6771200	2599.960000	1.256686	1.147025
131209	1013888	2599.960000	0.018492	0.036131
131210	5944352	2599.960000	2.027504	0.977103
131211	468512	2599.960000	0.005781	0.148208
131212	2947592	2599.960000	0.092804	0.361255
131213	3516552	2599.960000	0.234793	0.478179
131214	5551112	2599.960000	1.215424	0.896291
131215	4967552	2599.960000	0.713824	0.776366
131216	288800	2599.960000	0.003026	0.185140
131217	7038752	2599.960000	1.320015	1.202008
131218	3841992	2599.960000	0.133561	0.545058
131219	2146592	2599.960000	0.055417	0.196645
131220	434312	2599.960000	0.005571	0.155237
131221	5248800	2599.960000	1.884073	0.834164
131222	1641672	2599.960000	0.044076	0.092882
131223	4755528	2599.960000	0.725753	0.732794
131224	991232	2599.960000	0.017771	0.040787
131225	1131008	2599.960000	0.021337	0.012062
131226	7620608	2599.960000	2.238438	1.321582
131227	8209352	2599.960000	1.478666	1.442572
131228	7746048	2599.960000	1.459132	1.347361
131229	7296200	2599.960000	1.445344	1.254915
131230	1577088	2599.960000	0.035660	0.079609
131231	7403552	2599.960000	0.335571	1.276976
131232	1548800	2599.960000	0.034553	0.073796
131233	4181832	2599.960000	0.551448	0.614897
131234	1031048	2599.960000	0.019125	0.032605
131235	4066952	2599.960000	0.201574	0.591288
131236	6712448	2599.960000	1.178678	1.134951
131237	1866312	2599.960000	0.044658	0.139046
131238	2728448	2599.960000	0.092535	0.316219
131239	3742848	2599.960000	0.417342	0.524683
131240	3297312	2599.960000	0.486218	0.433124
131241	1424672	2599.960000	0.030302	0.048287
131242	3256352	2599.960000	0.101751	0.424706
131243	6181128	2599.960000	1.406651	1.025762
131244	6800672	2599.960000	1.281099	1.153081
131245	845000	2599.960000	0.014676	0.070838
131246	6279968	2599.960000	0.849201	1.046074
131247	8032032	2599.960000	0.556434	1.406132
131248	4608648	2599.960000	0.587483	0.702610
131249	1577088	2599.960000	0.034468	0.079609
131250	4010112	2599.960000	0.694066	0.579608
131251	7888392	2599.960000	1.129373	1.376613
131252	2562848	2599.960000	0.070866	0.282188
131253	1577088	2599.960000	0.034835	0.079609
131254	1465472	2599.960000	0.032246	0.056672
131255	4954952	2599.960000	0.284784	0.773777
131256	4112712	2599.960000	1.162343	0.600692
131257	4205000	2599.960000	0.534789	0.619658
131258	2580992	2599.960000	0.082208	0.285916
131259	2719112	2599.960000	0.080223	0.314301
131260	1685448	2599.960000	0.039930	0.101878
131261	279752	2599.960000	0.002939	0.187000
131262	4817408	2599.960000	0.616748	0.745511
131263	4954952	2599.960000	1.591873	0.773777
131264	3045512	2599.960000	0.095026	0.381378
131265	4718592	2599.960000	1.480914	0.725204
131266	4193408	2599.960000	0.377384	0.617276
131267	7496192	2599.960000	2.574724	1.296014
131268	6653952	2599.960000	0.998561	1.122930
131269	1729800	2599.960000	0.040773	0.110992
131270	5209992	2599.960000	0.205853	0.826189
131271	1960200	2599.960000	0.048599	0.158341
131272	613832	2599.960000	0.008787	0.118345
131273	6393888	2599.960000	0.278167	1.069485
131274	6494408	2599.960000	1.145292	1.090142
131275	2775368	2599.960000	0.083908	0.325862
131276	7220000	2599.960000	2.334236	1.239255
131277	5861888	2599.960000	1.307663	0.960157
131278	7620608	2599.960000	1.958845	1.321582
131279	5930568	2599.960000	1.621366	0.974271
131280	1292832	2599.960000	0.025259	0.021193
131281	4524032	2599.960000	1.047773	0.685221
131282	5235848	2599.960000	0.382938	0.831502
131283	4879688	2599.960000	0.943737	0.758310
131284	3095072	2599.960000	0.094383	0.391562
131285	8306888	2599.960000	1.981186	1.462616
131286	788768	2599.960000	0.012558	0.082394
131287	1598472	2599.960000	0.036565	0.084004
131288	1591328	2599.960000	0.036128	0.082536
131289	182408	2599.960000	0.001481	0.207004
131290	7936128	2599.960000	0.910324	1.386423
131291	1083392	2599.960000	0.020763	0.021848
131292	6083072	2599.960000	0.534079	1.005611
131293	808992	2599.960000	0.013052	0.078238
131294	8209352	2599.960000	1.033096	1.442572
131295	7265672	2599.960000	0.871198	1.248641
131296	980000	2599.960000	0.017958	0.043095
131297	2113568	2599.960000	0.056849	0.189859
131298	4170272	2599.960000	0.735339	0.612521
131299	245000	2599.960000	0.002197	0.194141
131300	1155200	2599.960000	0.021757	0.007091
131301	2298368	2599.960000	0.059072	0.227836
131302	5916800	2599.960000	0.767174	0.971441
131303	7357448	2599.960000	2.517502	1.267501
131304	3085128	2599.960000	0.272096	0.389519
131305	1744712	2599.960000	0.041491	0.114057
131306	4854728	2599.960000	0.191748	0.753180
131307	1377800	2599.960000	0.029189	0.038655
131308	5030792	2599.960000	0.201019	0.789362
131309	4357152	2599.960000	0.460603	0.650926
131310	6948992	2599.960000	0.924680	1.183562
131311	3246152	2599.960000	0.105065	0.422610
131312	8355872	2599.960000	0.715018	1.472682
131313	346112	2599.960000	0.003455	0.173362
131314	3474248	2599.960000	0.837251	0.469485
131315	3964928	2599.960000	0.132755	0.570322
131316	445568	2599.960000	0.005315	0.152924
131317	850208	2599.960000	0.014421	0.069768
131318	5820872	2599.960000	1.892265	0.951728
131319	7605000	2599.960000	1.348817	1.318375
131320	3348872	2599.960000	0.125573	0.443720
131321	5875592	2599.960000	0.872681	0.962973
131322	739328	2599.960000	0.016137	0.092554
131323	1113032	2599.960000	0.032301	0.015756
131324	6889472	2599.960000	1.213557	1.171330
131325	2709792	2599.960000	0.076816	0.312385
131326	453152	2599.960000	0.005479	0.151365
131327	133128	2599.960000	0.000938	0.217132
131328	913952	2599.960000	0.022937	0.056668
131329	705672	2599.960000	0.011125	0.099471
131330	5158472	2599.960000	1.166390	0.815601
131331	5875592	2599.960000	0.888411	0.962973
131332	1191968	2599.960000	0.023787	0.000465
131333	175232	2599.960000	0.001285	0.208479
131334	2105352	2599.960000	0.054320	0.188170
131335	6451232	2599.960000	1.763338	1.081270
131336	7542728	2599.960000	1.172467	1.305577
131337	2163200	2599.960000	0.054190	0.200058
131338	6111008	2599.960000	0.510284	1.011352
131339	3645000	2599.960000	0.133282	0.504575
131340	7174472	2599.960000	1.138423	1.229899
131341	5712200	2599.960000	0.242454	0.929395
131342	578888	2599.960000	0.008061	0.125526
131343	1204352	2599.960000	0.023559	0.003010
131344	7809152	2599.960000	0.522762	1.360329
131345	7113992	2599.960000	0.733023	1.217470
131346	4310048	2599.960000	0.893417	0.641246
131347	3484800	2599.960000	0.117132	0.471653
131348	6624800	2599.960000	1.211695	1.116939
131349	3276800	2599.960000	0.666371	0.428908
131350	524288	2599.960000	0.006974	0.136746
131351	3853088	2599.960000	0.368260	0.547338
131352	1223048	2599.960000	0.024837	0.006852
131353	7558272	2599.960000	1.754667	1.308772
131354	3155072	2599.960000	0.096206	0.403893
131355	4694048	2599.960000	0.888456	0.720160
131356	2088968	2599.960000	0.056803	0.184803
131357	3527168	2599.960000	0.112629	0.480360
131358	7311488	2599.960000	1.500198	1.258056
131359	5184200	2599.960000	1.129272	0.820888
131360	6595712	2599.960000	0.879860	1.110961
131361	587528	2599.960000	0.008301	0.123750
131362	3085128	2599.960000	0.377888	0.389519
131363	1912968	2599.960000	0.047186	0.148634
131364	3601928	2599.960000	0.231424	0.495724
131365	8355872	2599.960000	0.847621	1.472682
131366	3421728	2599.960000	0.534823	0.458692
131367	2171528	2599.960000	0.059823	0.201770
131368	8080200	2599.960000	0.778952	1.416030
131369	1077512	2599.960000	0.021354	0.023056
131370	3297312	2599.960000	0.430365	0.433124
131371	549152	2599.960000	0.011489	0.131637
131372	4158728	2599.960000	0.643443	0.610149
131373	996872	2599.960000	0.019051	0.039628
131374	3307592	2599.960000	0.116549	0.435236
131375	4805000	2599.960000	0.719817	0.742961
131376	2526752	2599.960000	0.457762	0.274770
131377	313632	2599.960000	0.004243	0.180037
131378	405000	2599.960000	0.004951	0.161261
131379	2272712	2599.960000	0.061731	0.222563
131380	3559112	2599.960000	0.130520	0.486925
131381	3516552	2599.960000	0.521457	0.478179
131382	1191968	2599.960000	0.024030	0.000465
131383	4380800	2599.960000	0.683867	0.655786
131384	788768	2599.960000	0.015016	0.082394
131385	3516552	2599.960000	0.524682	0.478179
131386	262088	2599.960000	0.002727	0.190630
131387	366368	2599.960000	0.004021	0.169200
131388	4010112	2599.960000	0.866466	0.579608
131389	6639368	2599.960000	0.390948	1.119932
131390	783752	2599.960000	0.013606	0.083425
131391	1364552	2599.960000	0.031221	0.035932
131392	5043488	2599.960000	1.799712	0.791971
131393	2937888	2599.960000	0.094603	0.359260
131394	7904288	2599.960000	1.748127	1.379880
131395	225792	2599.960000	0.002011	0.198089
131396	7220000	2599.960000	2.557828	1.239255
131397	3645000	2599.960000	0.129321	0.504575
131398	5551112	2599.960000	1.032693	0.896291
131399	3775752	2599.960000	0.188114	0.531445
131400	1198152	2599.960000	0.023419	0.001736
131401	2324168	2599.960000	0.063129	0.233138
131402	5725728	2599.960000	0.822758	0.932175
131403	297992	2599.960000	0.003041	0.183251
131404	8225568	2599.960000	1.897231	1.445904
131405	7220000	2599.960000	1.548181	1.239255
131406	1527752	2599.960000	0.033536	0.069470
131407	397832	2599.960000	0.005167	0.162734
131408	394272	2599.960000	0.004593	0.163465
131409	1759688	2599.960000	0.042181	0.117134
131410	2097152	2599.960000	0.050669	0.186485
131411	4706312	2599.960000	0.177482	0.722680
131412	4101248	2599.960000	0.252454	0.598336
131413	383688	2599.960000	0.004816	0.165640
131414	175232	2599.960000	0.001368	0.208479
131415	3527168	2599.960000	0.461262	0.480360
131416	1025312	2599.960000	0.020612	0.033783
131417	2056392	2599.960000	0.056746	0.178109
131418	156800	2599.960000	0.001065	0.212267
131419	6181128	2599.960000	0.963852	1.025762
131420	2517768	2599.960000	0.071507	0.272924
131421	1936512	2599.960000	0.046568	0.153473
131422	618272	2599.960000	0.008931	0.117432
131423	524288	2599.960000	0.007211	0.136746
131424	4867200	2599.960000	0.179548	0.755743
131425	6013512	2599.960000	0.458284	0.991316
131426	5766408	2599.960000	2.398728	0.940535
131427	4718592	2599.960000	0.171231	0.725204
131428	8032032	2599.960000	2.817516	1.406132
131429	1992008	2599.960000	0.050820	0.164877
131430	7174472	2599.960000	1.647301	1.229899
131431	627200	2599.960000	0.008850	0.115597
131432	438048	2599.960000	0.005916	0.154469
131433	1920800	2599.960000	0.046160	0.150244
131434	3612672	2599.960000	0.113097	0.497932
131435	5132808	2599.960000	0.202662	0.810327
131436	172872	2599.960000	0.001244	0.208964
131437	3666632	2599.960000	0.561829	0.509021
131438	480200	2599.960000	0.006736	0.145807
131439	578888	2599.960000	0.008615	0.125526
131440	1391112	2599.960000	0.033433	0.041390
131441	2499848	2599.960000	0.072436	0.269241
131442	4681800	2599.960000	0.176744	0.717643
131443	3215648	2599.960000	0.351840	0.416341
131444	2728448	2599.960000	0.074482	0.316219
131445	3775752	2599.960000	0.158748	0.531445
131446	4584392	2599.960000	0.429730	0.697625
131447	5551112	2599.960000	1.906207	0.896291
131448	209952	2599.960000	0.001612	0.201344
131449	2048288	2599.960000	0.049586	0.176443
131450	5458208	2599.960000	0.219013	0.877198
131451	6422528	2599.960000	1.318608	1.075371
131452	5056200	2599.960000	0.997459	0.794584
131453	5848200	2599.960000	1.643823	0.957344
131454	6125000	2599.960000	1.097876	1.014227
131455	1065800	2599.960000	0.030601	0.025463
131456	6978848	2599.960000	1.386349	1.189697
131457	1223048	2599.960000	0.036180	0.006852
131458	5766408	2599.960000	1.230745	0.940535
131459	5930568	2599.960000	1.612962	0.974271
131460	1318688	2599.960000	0.040855	0.026507
131461	4892192	2599.960000	0.921246	0.760879
131462	6653952	2599.960000	0.800434	1.122930
131463	3411272	2599.960000	0.115843	0.456543
131464	220448	2599.960000	0.001790	0.199187
131465	7761800	2599.960000	0.387920	1.350598
131466	549152	2599.960000	0.007650	0.131637
131467	199712	2599.960000	0.001606	0.203448
131468	5120000	2599.960000	0.470015	0.807695
131469	3548448	2599.960000	0.276987	0.484733
131470	758912	2599.960000	0.011838	0.088530
131471	223112	2599.960000	0.002037	0.198639
131472	520200	2599.960000	0.006882	0.137586
131073	5497928	2599.960000	0.322370	0.885361
131074	3297312	2599.960000	0.109343	0.433124
131075	793800	2599.960000	0.014534	0.081360
131076	170528	2599.960000	0.001350	0.209446
131077	1008200	2599.960000	0.019112	0.037300
131078	1305728	2599.960000	0.029490	0.023843
131079	729632	2599.960000	0.011940	0.094547
131080	8290592	2599.960000	1.551432	1.459267
131081	6919200	2599.960000	1.882239	1.177439
131082	2508800	2599.960000	0.072987	0.271081
131083	282752	2599.960000	0.003252	0.186383
131084	6251648	2599.960000	1.029694	1.040254
131085	6639368	2599.960000	0.846910	1.119932
131086	578888	2599.960000	0.008533	0.125526
131087	1820232	2599.960000	0.047646	0.129577
131088	7511688	2599.960000	2.811473	1.299198
131089	304200	2599.960000	0.003506	0.181975
131090	3474248	2599.960000	0.299269	0.469485
131091	207368	2599.960000	0.001705	0.201875
131092	876488	2599.960000	0.015941	0.064367
131093	184832	2599.960000	0.001287	0.206506
131094	941192	2599.960000	0.017236	0.051070
131095	4596512	2599.960000	0.759940	0.700116
131096	2264192	2599.960000	0.061597	0.220812
131097	2645000	2599.960000	0.077268	0.299070
131098	7683200	2599.960000	1.458200	1.334445
131099	4572288	2599.960000	0.257727	0.695137
131100	4357152	2599.960000	1.268995	0.650926
131101	159048	2599.960000	0.001187	0.211805
131102	5209992	2599.960000	0.791124	0.826189
131103	4066952	2599.960000	0.963255	0.591288
131104	3559112	2599.960000	0.424535	0.486925
131105	4321800	2599.960000	0.711283	0.643661
131106	980000	2599.960000	0.017371	0.043095
131107	1479200	2599.960000	0.031942	0.059493
131108	1678112	2599.960000	0.037729	0.100370
131109	320000	2599.960000	0.003266	0.178728
131110	8290592	2599.960000	1.280330	1.459267
131111	320000	2599.960000	0.003228	0.178728
131112	1404488	2599.960000	0.030815	0.044139
131113	2553800	2599.960000	0.072102	0.280328
131114	3819848	2599.960000	0.369972	0.540507
131115	6480000	2599.960000	1.827899	1.087182
131116	549152	2599.960000	0.007640	0.131637
131117	4464072	2599.960000	0.688570	0.672899
131118	4239872	2599.960000	0.614931	0.626824
131119	1071648	2599.960000	0.019618	0.024261
131120	412232	2599.960000	0.005003	0.159774
131121	233928	2599.960000	0.002174	0.196417
131122	3495368	2599.960000	0.250871	0.473825
131123	2709792	2599.960000	0.081243	0.312385
131124	2384928	2599.960000	0.066152	0.245624
131125	1984032	2599.960000	0.051058	0.163238
131126	5739272	2599.960000	1.081435	0.934958
131127	773768	2599.960000	0.012839	0.085477
131128	5145632	2599.960000	1.753381	0.812962
131129	2473088	2599.960000	0.067996	0.263742
131130	5326848	2599.960000	0.203924	0.850203
131131	744200	2599.960000	0.011987	0.091553
131132	2672672	2599.960000	0.076881	0.304757
131133	223112	2599.960000	0.001959	0.198639
131134	297992	2599.960000	0.003217	0.183251
131135	194688	2599.960000	0.001690	0.204481
131136	1499912	2599.960000	0.032621	0.063749
131137	1843200	2599.960000	0.043667	0.134297
131138	326432	2599.960000	0.005780	0.177407
131139	5471432	2599.960000	1.118583	0.879916
131140	8176968	2599.960000	2.100486	1.435917
131141	5392328	2599.960000	1.082362	0.863660
131142	366368	2599.960000	0.004309	0.169200
131143	941192	2599.960000	0.016748	0.051070
131144	919368	2599.960000	0.016104	0.055555
131145	5551112	2599.960000	0.428376	0.896291
131146	3215648	2599.960000	0.099708	0.416341
131147	622728	2599.960000	0.008887	0.116516
131148	1292832	2599.960000	0.027065	0.021193
131149	2728448	2599.960000	0.077622	0.316219
131150	7174472	2599.960000	0.337212	1.229899
131151	1254528	2599.960000	0.024097	0.013322
131152	3105032	2599.960000	0.445689	0.393609
131153	710432	2599.960000	0.010220	0.098493
131154	4524032	2599.960000	0.194658	0.685221
131155	6223392	2599.960000	0.294557	1.034447
131156	415872	2599.960000	0.005154	0.159026
131157	7730312	2599.960000	1.891906	1.344127
131158	5458208	2599.960000	1.922089	0.877198
131159	3155072	2599.960000	0.444420	0.403893
131160	2056392	2599.960000	0.054243	0.178109
131161	2402432	2599.960000	0.081501	0.249221
131162	1013888	2599.960000	0.019917	0.036131
131163	5944352	2599.960000	1.301217	0.977103
131164	408608	2599.960000	0.005355	0.160519
131165	1850888	2599.960000	0.048682	0.135877
131166	5551112	2599.960000	1.035776	0.896291
131167	288800	2599.960000	0.002926	0.185140
131168	4967552	2599.960000	1.145656	0.776366
131169	2146592	2599.960000	0.054735	0.196645
131170	3841992	2599.960000	0.656993	0.545058
131171	1641672	2599.960000	0.042077	0.092882
131172	991232	2599.960000	0.017549	0.040787
131173	4755528	2599.960000	0.903773	0.732794
131174	3287048	2599.960000	0.149564	0.431014
131175	7746048	2599.960000	0.379519	1.347361
131176	7403552	2599.960000	0.618020	1.276976
131177	4181832	2599.960000	0.757687	0.614897
131178	7296200	2599.960000	1.668855	1.254915
131179	1031048	2599.960000	0.020593	0.032605
131180	4066952	2599.960000	0.569214	0.591288
131181	3400832	2599.960000	0.115565	0.454398
131182	2728448	2599.960000	0.077810	0.316219
131183	3297312	2599.960000	0.103226	0.433124
131184	3256352	2599.960000	0.204685	0.424706
131185	1424672	2599.960000	0.029900	0.048287
131186	8032032	2599.960000	4.628256	1.406132
131187	1759688	2599.960000	0.046684	0.117134
131188	6279968	2599.960000	0.941999	1.046074
131189	4608648	2599.960000	0.277858	0.702610
131190	4010112	2599.960000	0.137684	0.579608
131191	1577088	2599.960000	0.037448	0.079609
131192	2562848	2599.960000	0.073546	0.282188
131193	4954952	2599.960000	0.330388	0.773777
131194	1465472	2599.960000	0.031643	0.056672
131195	2986568	2599.960000	0.094875	0.369264
131196	279752	2599.960000	0.002766	0.187000
131197	1685448	2599.960000	0.042619	0.101878
131198	7496192	2599.960000	1.546776	1.296014
131199	6653952	2599.960000	2.966112	1.122930
131200	3045512	2599.960000	0.098117	0.381378
131201	4193408	2599.960000	0.500578	0.617276
131202	4718592	2599.960000	0.172452	0.725204
131203	4310048	2599.960000	0.618527	0.641246
131204	5209992	2599.960000	0.650021	0.826189
131205	6393888	2599.960000	2.850174	1.069485
131206	6494408	2599.960000	1.317530	1.090142
131207	1960200	2599.960000	0.051593	0.158341
131208	613832	2599.960000	0.009077	0.118345
131209	2775368	2599.960000	0.084740	0.325862
131210	7620608	2599.960000	1.676002	1.321582
131211	387200	2599.960000	0.004575	0.164919
131212	5861888	2599.960000	1.745384	0.960157
131213	5930568	2599.960000	0.253644	0.974271
131214	4524032	2599.960000	0.157630	0.685221
131215	1292832	2599.960000	0.027251	0.021193
131216	4879688	2599.960000	1.948686	0.758310
131217	8306888	2599.960000	2.186735	1.462616
131218	5752832	2599.960000	0.234952	0.937745
131219	3095072	2599.960000	0.096298	0.391562
131220	788768	2599.960000	0.012300	0.082394
131221	1267232	2599.960000	0.025050	0.015932
131222	1598472	2599.960000	0.037637	0.084004
131223	7936128	2599.960000	1.994165	1.386423
131224	182408	2599.960000	0.001821	0.207004
131225	7265672	2599.960000	1.753524	1.248641
131226	1083392	2599.960000	0.026500	0.021848
131227	6083072	2599.960000	1.334397	1.005611
131228	980000	2599.960000	0.018102	0.043095
131229	8209352	2599.960000	0.417004	1.442572
131230	4170272	2599.960000	0.436314	0.612521
131231	2113568	2599.960000	0.053164	0.189859
131232	8032032	2599.960000	3.892308	1.406132
131233	245000	2599.960000	0.002958	0.194141
131234	2298368	2599.960000	0.059076	0.227836
131235	3085128	2599.960000	0.096832	0.389519
131236	7357448	2599.960000	1.779775	1.267501
131237	1744712	2599.960000	0.040938	0.114057
131238	5916800	2599.960000	1.045913	0.971441
131239	5030792	2599.960000	0.236319	0.789362
131240	1377800	2599.960000	0.029545	0.038655
131241	850208	2599.960000	0.014359	0.069768
131242	5445000	2599.960000	0.960018	0.874484
131243	4357152	2599.960000	0.160349	0.650926
131244	3474248	2599.960000	0.114715	0.469485
131245	6948992	2599.960000	1.149449	1.183562
131246	8355872	2599.960000	4.580621	1.472682
131247	3246152	2599.960000	0.460086	0.422610
131248	445568	2599.960000	0.006183	0.152924
131249	3964928	2599.960000	0.602892	0.570322
131250	850208	2599.960000	0.014552	0.069768
131251	3348872	2599.960000	0.464759	0.443720
131252	7605000	2599.960000	3.343610	1.318375
131253	5875592	2599.960000	2.886961	0.962973
131254	5780000	2599.960000	2.307897	0.943328
131255	739328	2599.960000	0.013140	0.092554
131256	6889472	2599.960000	1.128582	1.171330
131257	1113032	2599.960000	0.024326	0.015756
131258	913952	2599.960000	0.017731	0.056668
131259	133128	2599.960000	0.001073	0.217132
131260	453152	2599.960000	0.005854	0.151365
131261	3953672	2599.960000	0.608259	0.568009
131262	2709792	2599.960000	0.076361	0.312385
131263	705672	2599.960000	0.012518	0.099471
131264	5158472	2599.960000	1.056504	0.815601
131265	1191968	2599.960000	0.023251	0.000465
131266	5875592	2599.960000	1.102860	0.962973
131267	6451232	2599.960000	1.295661	1.081270
131268	2105352	2599.960000	0.055287	0.188170
131269	4608648	2599.960000	0.884341	0.702610
131270	175232	2599.960000	0.001637	0.208479
131271	7542728	2599.960000	1.731162	1.305577
131272	7174472	2599.960000	1.401591	1.229899
131273	6111008	2599.960000	1.337627	1.011352
131274	5712200	2599.960000	1.234261	0.929395
131275	3645000	2599.960000	0.143755	0.504575
131276	5405472	2599.960000	1.118741	0.866361
131277	2163200	2599.960000	0.059158	0.200058
131278	7809152	2599.960000	1.990269	1.360329
131279	1204352	2599.960000	0.026768	0.003010
131280	578888	2599.960000	0.008336	0.125526
131281	6624800	2599.960000	3.659466	1.116939
131282	5971968	2599.960000	1.331318	0.982779
131283	7113992	2599.960000	1.114041	1.217470
131284	4310048	2599.960000	1.466150	0.641246
131285	3276800	2599.960000	0.461141	0.428908
131286	3484800	2599.960000	0.537439	0.471653
131287	3853088	2599.960000	0.635526	0.547338
131288	7558272	2599.960000	1.896733	1.308772
131289	524288	2599.960000	0.007046	0.136746
131290	1843200	2599.960000	0.045508	0.134297
131291	1223048	2599.960000	0.027949	0.006852
131292	3155072	2599.960000	0.102127	0.403893
131293	7311488	2599.960000	3.291290	1.258056
131294	4694048	2599.960000	0.941091	0.720160
131295	5184200	2599.960000	1.105978	0.820888
131296	3527168	2599.960000	0.369800	0.480360
131297	6756488	2599.960000	1.567355	1.144001
131298	6595712	2599.960000	1.506917	1.110961
131299	2088968	2599.960000	0.054230	0.184803
131300	3085128	2599.960000	0.437272	0.389519
131301	587528	2599.960000	0.008496	0.123750
131302	6978848	2599.960000	2.781445	1.189697
131303	1912968	2599.960000	0.050050	0.148634
131304	8355872	2599.960000	0.405270	1.472682
131305	3601928	2599.960000	0.141790	0.495724
131306	3421728	2599.960000	0.107164	0.458692
131307	2171528	2599.960000	0.072491	0.201770
131308	8080200	2599.960000	1.342404	1.416030
131309	8193152	2599.960000	2.082096	1.439243
131310	3297312	2599.960000	0.104369	0.433124
131311	1077512	2599.960000	0.022251	0.023056
131312	3645000	2599.960000	0.574239	0.504575
131313	4158728	2599.960000	1.271396	0.610149
131314	3307592	2599.960000	0.109126	0.435236
131315	549152	2599.960000	0.008414	0.131637
131316	996872	2599.960000	0.019093	0.039628
131317	4805000	2599.960000	0.922904	0.742961
131318	6948992	2599.960000	0.302786	1.183562
131319	2526752	2599.960000	0.073166	0.274770
131320	313632	2599.960000	0.003492	0.180037
131321	3559112	2599.960000	0.117641	0.486925
131322	405000	2599.960000	0.004687	0.161261
131323	3875328	2599.960000	0.594335	0.551909
131324	2272712	2599.960000	0.059872	0.222563
131325	4380800	2599.960000	0.679076	0.655786
131326	1191968	2599.960000	0.022780	0.000465
131327	3516552	2599.960000	0.121203	0.478179
131328	250632	2599.960000	0.002867	0.192984
131329	2024072	2599.960000	0.053725	0.171467
131330	788768	2599.960000	0.012736	0.082394
131331	3516552	2599.960000	0.132704	0.478179
131332	262088	2599.960000	0.003101	0.190630
131333	366368	2599.960000	0.003922	0.169200
131334	6639368	2599.960000	0.294496	1.119932
131335	4010112	2599.960000	0.631018	0.579608
131336	1364552	2599.960000	0.029269	0.035932
131337	783752	2599.960000	0.013869	0.083425
131338	1789832	2599.960000	0.042999	0.123329
131339	574592	2599.960000	0.008516	0.126409
131340	1936512	2599.960000	0.049231	0.153473
131341	5043488	2599.960000	1.834220	0.791971
131342	2937888	2599.960000	0.084470	0.359260
131343	7904288	2599.960000	1.907359	1.379880
131344	225792	2599.960000	0.002330	0.198089
131345	3645000	2599.960000	0.388152	0.504575
131346	7220000	2599.960000	2.489522	1.239255
131347	4500000	2599.960000	0.244582	0.680282
131348	829472	2599.960000	0.013839	0.074029
131349	1812608	2599.960000	0.043801	0.128010
131350	5551112	2599.960000	1.222298	0.896291
131351	3775752	2599.960000	0.611637	0.531445
131352	1198152	2599.960000	0.023805	0.001736
131353	5725728	2599.960000	1.271337	0.932175
131354	2324168	2599.960000	0.094233	0.233138
131355	1541768	2599.960000	0.035728	0.072351
131356	332928	2599.960000	0.003397	0.176072
131357	297992	2599.960000	0.003111	0.183251
131358	2663432	2599.960000	0.082429	0.302858
131359	8225568	2599.960000	1.876488	1.445904
131360	7220000	2599.960000	1.640723	1.239255
131361	397832	2599.960000	0.007298	0.162734
131362	1527752	2599.960000	0.049932	0.069470
131363	1641672	2599.960000	0.058461	0.092882
131364	394272	2599.960000	0.004982	0.163465
131365	887112	2599.960000	0.016568	0.062184
131366	2097152	2599.960000	0.073607	0.186485
131367	1759688	2599.960000	0.043376	0.117134
131368	468512	2599.960000	0.006219	0.148208
131369	4101248	2599.960000	0.145398	0.598336
131370	4706312	2599.960000	0.272342	0.722680
131371	591872	2599.960000	0.008151	0.122857
131372	383688	2599.960000	0.004904	0.165640
131373	175232	2599.960000	0.003078	0.208479
131374	3527168	2599.960000	0.260004	0.480360
131375	6195200	2599.960000	1.232068	1.028654
131376	434312	2599.960000	0.008388	0.155237
131377	2056392	2599.960000	0.081481	0.178109
131378	1025312	2599.960000	0.028269	0.033783
131379	3976200	2599.960000	0.139934	0.572638
131380	156800	2599.960000	0.001890	0.212267
131381	6181128	2599.960000	1.255707	1.025762
131382	2517768	2599.960000	0.075088	0.272924
131383	2626632	2599.960000	0.076960	0.295296
131384	8209352	2599.960000	3.907917	1.442572
131385	618272	2599.960000	0.009038	0.117432
131386	1936512	2599.960000	0.046683	0.153473
131387	8160800	2599.960000	1.624383	1.432594
131388	524288	2599.960000	0.007440	0.136746
131389	4867200	2599.960000	0.684084	0.755743
131390	6013512	2599.960000	0.480106	0.991316
131391	578888	2599.960000	0.008311	0.125526
131392	4718592	2599.960000	0.169449	0.725204
131393	5766408	2599.960000	0.340660	0.940535
131394	8032032	2599.960000	1.275024	1.406132
131395	2306952	2599.960000	0.070722	0.229600
131396	1866312	2599.960000	0.047458	0.139046
131397	1992008	2599.960000	0.050459	0.164877
131398	7174472	2599.960000	3.272921	1.229899
131399	3786752	2599.960000	0.644833	0.533706
131400	627200	2599.960000	0.008623	0.115597
131401	3612672	2599.960000	0.444192	0.497932
131402	438048	2599.960000	0.005618	0.154469
131403	2947592	2599.960000	0.101641	0.361255
131404	1920800	2599.960000	0.047187	0.150244
131405	845000	2599.960000	0.014268	0.070838
131406	6771200	2599.960000	1.269415	1.147025
131407	172872	2599.960000	0.001557	0.208964
131408	5132808	2599.960000	0.855638	0.810327
131409	578888	2599.960000	0.008090	0.125526
131410	480200	2599.960000	0.006373	0.145807
131411	3666632	2599.960000	0.667902	0.509021
131412	7038752	2599.960000	0.989737	1.202008
131413	4112712	2599.960000	0.225246	0.600692
131414	1391112	2599.960000	0.032000	0.041390
131415	2499848	2599.960000	0.071499	0.269241
131416	3516552	2599.960000	1.053968	0.478179
131417	4681800	2599.960000	0.714899	0.717643
131418	2728448	2599.960000	0.084584	0.316219
131419	3215648	2599.960000	0.146209	0.416341
131420	1131008	2599.960000	0.020816	0.012062
131421	3775752	2599.960000	0.337909	0.531445
131422	4817408	2599.960000	0.179696	0.745511
131423	4584392	2599.960000	0.170974	0.697625
131424	209952	2599.960000	0.001908	0.201344
131425	5551112	2599.960000	2.597157	0.896291
131426	2048288	2599.960000	0.050216	0.176443
131427	5248800	2599.960000	2.418771	0.834164
131428	1577088	2599.960000	0.035124	0.079609
131429	5458208	2599.960000	0.947074	0.877198
131430	6422528	2599.960000	2.202650	1.075371
131431	1729800	2599.960000	0.042183	0.110992
131432	5848200	2599.960000	1.178682	0.957344
131433	5056200	2599.960000	0.964976	0.794584
131434	6125000	2599.960000	1.482742	1.014227
131435	7620608	2599.960000	1.999175	1.321582
131436	6712448	2599.960000	1.585408	1.134951
131437	1065800	2599.960000	0.024042	0.025463
131438	6978848	2599.960000	1.795279	1.189697
131439	5766408	2599.960000	2.299565	0.940535
131440	1223048	2599.960000	0.024784	0.006852
131441	7220000	2599.960000	1.681229	1.239255
131442	6181128	2599.960000	1.489022	1.025762
131443	5930568	2599.960000	1.349381	0.974271
131444	1548800	2599.960000	0.034533	0.073796
131445	1318688	2599.960000	0.027876	0.026507
131446	4892192	2599.960000	0.880402	0.760879
131447	3411272	2599.960000	0.419619	0.456543
131448	6653952	2599.960000	0.972925	1.122930
131449	1577088	2599.960000	0.034294	0.079609
131450	5235848	2599.960000	0.537842	0.831502
131451	220448	2599.960000	0.003909	0.199187
131452	3742848	2599.960000	0.128425	0.524683
131453	549152	2599.960000	0.007287	0.131637
131454	7761800	2599.960000	0.849533	1.350598
131455	4205000	2599.960000	0.523630	0.619658
131456	199712	2599.960000	0.003331	0.203448
131457	6800672	2599.960000	0.327258	1.153081
131458	1591328	2599.960000	0.035928	0.082536
131459	3548448	2599.960000	0.389114	0.484733
131460	5120000	2599.960000	0.542078	0.807695
131461	2719112	2599.960000	0.080680	0.314301
131462	7888392	2599.960000	0.635496	1.376613
131463	758912	2599.960000	0.012976	0.088530
131464	808992	2599.960000	0.013202	0.078238
131465	2580992	2599.960000	0.070703	0.285916
131466	223112	2599.960000	0.002324	0.198639
131467	1155200	2599.960000	0.021734	0.007091
131468	4954952	2599.960000	0.384023	0.773777
131469	520200	2599.960000	0.007076	0.137586
131470	4854728	2599.960000	0.399158	0.753180
131471	346112	2599.960000	0.003725	0.173362
131472	5820872	2599.960000	0.434942	0.951728
180.877367	0.000000
180.925184	0.000000
183.133259	0.000000
193.776237	208.152776
220.430058	208.152776
